role,subject,eid,lab,qc,offset,true_candidate,usable_trials,correlation,p_value,tjur_r_squared,mean_log_loss_improvement,topology_margin,score,admissible
calibration,SWC_054,671c7ea7-6726-4fbe-adeb-f89c2c8e489b,mrsicflogellab,WARNING,0,True,802,0.702680679428603,2.2155614148628865e-120,0.49036109689953933,0.1420312812986814,0.2063719244093788,1.0,True
calibration,SWC_054,671c7ea7-6726-4fbe-adeb-f89c2c8e489b,mrsicflogellab,WARNING,17,False,802,0.5218361735153745,3.229523195086024e-57,0.2823340720254828,3.282984108197532e-05,-0.20802702487405655,0.0,False
calibration,SWC_054,671c7ea7-6726-4fbe-adeb-f89c2c8e489b,mrsicflogellab,WARNING,43,False,802,0.5229495607360557,1.6994197447002828e-57,0.28398917249016054,0.0007775334329746161,-0.2063719244093788,0.0,False
calibration,SWC_054,671c7ea7-6726-4fbe-adeb-f89c2c8e489b,mrsicflogellab,WARNING,89,False,802,0.521610701550012,3.676883881582719e-57,0.2826097597121268,-9.482278575382679e-05,-0.2077513371874125,0.18888888888888888,False
calibration,UCLA006,19e66dc9-bf9f-430b-9d6a-acfa85de6fb7,churchlandlab_ucla,PASS,0,True,748,0.7262585807850915,1.4869943043397267e-123,0.5025585171005369,0.1330867454405005,0.2149224556999576,1.0,True
calibration,UCLA006,19e66dc9-bf9f-430b-9d6a-acfa85de6fb7,churchlandlab_ucla,PASS,17,False,748,0.5339861340184133,2.2941051927208987e-56,0.287498135824854,-0.0028787954679875085,-0.2150603812756829,0.08823529411764706,False
calibration,UCLA006,19e66dc9-bf9f-430b-9d6a-acfa85de6fb7,churchlandlab_ucla,PASS,43,False,748,0.5368924036481414,4.4820675928499926e-57,0.2876360614005793,-0.0005961594633531372,-0.2149224556999576,0.08823529411764706,False
calibration,UCLA006,19e66dc9-bf9f-430b-9d6a-acfa85de6fb7,churchlandlab_ucla,PASS,89,False,748,0.5314304013944253,9.517819765463418e-56,0.28453874257247636,-0.004564553701036385,-0.21801977452806054,0.08823529411764706,False
calibration,CSHL054,a71175be-d1fd-47a3-aa93-b830ea3634a1,churchlandlab,PASS,0,True,855,0.6285768289602532,3.330816133264376e-95,0.37807502370962937,0.17252890645512053,0.2595402292139592,0.9705882352941176,True
calibration,CSHL054,a71175be-d1fd-47a3-aa93-b830ea3634a1,churchlandlab,PASS,17,False,855,0.3195295698341249,9.536199146717993e-22,0.11103298590949923,-0.0025301009728306103,-0.26704203780013014,0.0,False
calibration,CSHL054,a71175be-d1fd-47a3-aa93-b830ea3634a1,churchlandlab,PASS,43,False,855,0.31613749815733583,2.6802790473703606e-21,0.10921593591808693,-0.003972883333014747,-0.26885908779154244,0.0,False
calibration,CSHL054,a71175be-d1fd-47a3-aa93-b830ea3634a1,churchlandlab,PASS,89,False,855,0.33421472713788913,9.31464604246174e-24,0.11853479449567017,0.003470510030812187,-0.2595402292139592,0.0,False
calibration,KS046,dfbe628d-365b-461c-a07f-8b9911ba83aa,cortexlab,WARNING,0,True,753,0.6656096744583007,1.5777905343296818e-97,0.43634805237538205,0.10300898766518984,0.17002557390780992,1.0,True
calibration,KS046,dfbe628d-365b-461c-a07f-8b9911ba83aa,cortexlab,WARNING,17,False,753,0.49897591052234846,1.1802465449727677e-48,0.2633048446782437,-0.008445432419486662,-0.17304320769713832,0.18888888888888888,False
calibration,KS046,dfbe628d-365b-461c-a07f-8b9911ba83aa,cortexlab,WARNING,43,False,753,0.5110852973968434,2.4205049222159843e-51,0.2653968782744205,-0.00010762488927597753,-0.17095117410096156,0.18888888888888888,False
calibration,KS046,dfbe628d-365b-461c-a07f-8b9911ba83aa,cortexlab,WARNING,89,False,753,0.5106416131902107,3.0500953529372935e-51,0.2663224784675721,-0.00039940872397474053,-0.17002557390780992,0.08823529411764706,False
calibration,ZFM-02368,a4a74102-2af5-45dc-9e41-ef7f5aed88be,mainenlab,PASS,0,True,408,0.7303438399319734,3.375481277107486e-69,0.5261851546355188,0.14843282762682933,0.2145137964851055,1.0,True
calibration,ZFM-02368,a4a74102-2af5-45dc-9e41-ef7f5aed88be,mainenlab,PASS,17,False,408,0.5563139390715002,1.5917086093592996e-34,0.3111262362707609,6.72258412829363e-05,-0.21505891836475793,0.0,False
calibration,ZFM-02368,a4a74102-2af5-45dc-9e41-ef7f5aed88be,mainenlab,PASS,43,False,408,0.5563413295145974,1.5774346450605787e-34,0.31167135815041336,0.00041710089521581245,-0.2145137964851055,0.0,False
calibration,ZFM-02368,a4a74102-2af5-45dc-9e41-ef7f5aed88be,mainenlab,PASS,89,False,408,0.5519386245454776,6.640000446478417e-34,0.3085343046227425,-0.004147786167758165,-0.21765085001277634,0.18888888888888888,False
calibration,ZM_2241,f8d5c8b0-b931-4151-b86c-c471e2e80e5d,mainenlab,WARNING,0,True,787,0.8102500787517545,2.4781636939576967e-184,0.6080411950131642,0.25947814245610407,0.37785471908325224,1.0,True
calibration,ZM_2241,f8d5c8b0-b931-4151-b86c-c471e2e80e5d,mainenlab,WARNING,17,False,787,0.4769900362193755,5.886519079857354e-46,0.22849633197773594,-0.00027434283635544937,-0.3795448630354283,0.0,False
calibration,ZM_2241,f8d5c8b0-b931-4151-b86c-c471e2e80e5d,mainenlab,WARNING,43,False,787,0.4787366646331548,2.5091776122610195e-46,0.23018647592991198,0.001510347021936272,-0.37785471908325224,0.0,False
calibration,ZM_2241,f8d5c8b0-b931-4151-b86c-c471e2e80e5d,mainenlab,WARNING,89,False,787,0.4769435373225136,6.0212716988223235e-46,0.22870918094194576,-0.0005457697456459446,-0.37933201407121847,0.0,False
calibration,NR_0028,29a6def1-fc5c-4eea-ac48-47e9b053dcb5,steinmetzlab,WARNING,0,True,834,0.7115494201156312,1.1715324356071184e-129,0.49812966304027323,0.16427335127651757,0.23047003472232608,1.0,True
calibration,NR_0028,29a6def1-fc5c-4eea-ac48-47e9b053dcb5,steinmetzlab,WARNING,17,False,834,0.5020459440881188,1.8639270779940336e-54,0.26614887611200483,-0.0012028448070825297,-0.2319807869282684,0.18888888888888888,False
calibration,NR_0028,29a6def1-fc5c-4eea-ac48-47e9b053dcb5,steinmetzlab,WARNING,43,False,834,0.5018422911562479,2.0892006347915203e-54,0.26715165141547975,-0.0026764665473587392,-0.23097801162479348,0.0,False
calibration,NR_0028,29a6def1-fc5c-4eea-ac48-47e9b053dcb5,steinmetzlab,WARNING,89,False,834,0.5007911401410579,3.7601626987763006e-54,0.26765962831794715,-0.0024729299325779164,-0.23047003472232608,0.18888888888888888,False
calibration,UCLA037,2bdf206a-820f-402f-920a-9e86cd5388a4,churchlandlab_ucla,PASS,0,True,567,0.7489051455720745,4.856781211751798e-103,0.5510468367115711,0.1888123574058108,0.26415255231408985,1.0,True
calibration,UCLA037,2bdf206a-820f-402f-920a-9e86cd5388a4,churchlandlab_ucla,PASS,17,False,567,0.5320220926157575,9.416881652925331e-43,0.2868942843974812,0.001611478363843862,-0.26415255231408985,0.08823529411764706,False
calibration,UCLA037,2bdf206a-820f-402f-920a-9e86cd5388a4,churchlandlab_ucla,PASS,43,False,567,0.5236590572220693,3.035874159430805e-41,0.28443386031607376,-0.0013632506693794788,-0.2666129763954973,0.08823529411764706,False
calibration,UCLA037,2bdf206a-820f-402f-920a-9e86cd5388a4,churchlandlab_ucla,PASS,89,False,567,0.5275042354184942,6.222717166766015e-42,0.2834791336367299,-2.6458089359748804e-05,-0.2675677030748412,0.08823529411764706,False
calibration,PL037,62ff920c-2fdd-4feb-9d9f-0d66f2e595a1,hausserlab,WARNING,0,True,627,0.6712141648660864,2.5644936950646668e-83,0.4394094594078452,0.10763459140281727,0.17809958851570012,0.9705882352941176,True
calibration,PL037,62ff920c-2fdd-4feb-9d9f-0d66f2e595a1,hausserlab,WARNING,17,False,627,0.50558381419283,5.429930093300006e-42,0.2596173486479275,8.85051848915075e-05,-0.1797921107599177,0.0,False
calibration,PL037,62ff920c-2fdd-4feb-9d9f-0d66f2e595a1,hausserlab,WARNING,43,False,627,0.5014155348276448,3.1730724228656657e-41,0.25665229143728463,-0.002032982894212739,-0.18275716797056057,0.18888888888888888,False
calibration,PL037,62ff920c-2fdd-4feb-9d9f-0d66f2e595a1,hausserlab,WARNING,89,False,627,0.503252793316119,1.461673516780596e-41,0.2613098708921451,-0.0018492936061823377,-0.17809958851570012,0.0,False
calibration,ZFM-02369,72cb5550-43b4-4ef0-add5-e4adfdfb5e02,mainenlab,PASS,0,True,726,0.7330053853884652,2.791089927885159e-123,0.5133563539234616,0.20537757947125587,0.2855895721965269,1.0,True
calibration,ZFM-02369,72cb5550-43b4-4ef0-add5-e4adfdfb5e02,mainenlab,PASS,17,False,726,0.4741843774470635,5.6417014242294014e-42,0.22776678172693465,-0.00019020868385740317,-0.2855895721965269,0.0,False
calibration,ZFM-02369,72cb5550-43b4-4ef0-add5-e4adfdfb5e02,mainenlab,PASS,43,False,726,0.4679993493510254,8.600696998941907e-41,0.22070270238395423,-0.0022515546040169365,-0.29265365153950734,0.18888888888888888,False
calibration,ZFM-02369,72cb5550-43b4-4ef0-add5-e4adfdfb5e02,mainenlab,PASS,89,False,726,0.47227062317292134,1.3184945635867798e-41,0.22310117090974652,-0.00016375728075956886,-0.29025518301371506,0.0,False
calibration,MFD_06,35eeb752-8f4f-4040-9714-ba0f5b7ccdfe,churchlandlab_ucla,WARNING,0,True,762,0.7068296793237101,2.235517729155956e-116,0.48323228516523137,0.1513562204446,0.2303234997148783,1.0,True
calibration,MFD_06,35eeb752-8f4f-4040-9714-ba0f5b7ccdfe,churchlandlab_ucla,WARNING,17,False,762,0.4944305645731596,3.18442307896683e-48,0.2503782961145507,-0.002728222746318417,-0.23285398905068067,0.18888888888888888,False
calibration,MFD_06,35eeb752-8f4f-4040-9714-ba0f5b7ccdfe,churchlandlab_ucla,WARNING,43,False,762,0.4959527732197754,1.4862195188018162e-48,0.2500870044783101,-0.002041459163971804,-0.23314528068692125,0.18888888888888888,False
calibration,MFD_06,35eeb752-8f4f-4040-9714-ba0f5b7ccdfe,churchlandlab_ucla,WARNING,89,False,762,0.5019604797424806,7.071692292874421e-50,0.25290878545035306,0.000929956280668572,-0.2303234997148783,0.08823529411764706,False
calibration,CSH_ZAD_024,8207abc6-6b23-4762-92b4-82e05bed5143,zadorlab,WARNING,0,True,743,0.8273620119005678,8.202665793898013e-188,0.6371328677309955,0.25313943103505254,0.3265574911639255,1.0,True
calibration,CSH_ZAD_024,8207abc6-6b23-4762-92b4-82e05bed5143,zadorlab,WARNING,17,False,743,0.5565055522744942,1.2134441629056661e-61,0.30971155966435593,-0.0015121397723748913,-0.3274213080666396,0.18888888888888888,False
calibration,CSH_ZAD_024,8207abc6-6b23-4762-92b4-82e05bed5143,zadorlab,WARNING,43,False,743,0.5564271502684384,1.2717981330224292e-61,0.30903655843825567,-0.0012726705963954088,-0.32809630929273986,0.18888888888888888,False
calibration,CSH_ZAD_024,8207abc6-6b23-4762-92b4-82e05bed5143,zadorlab,WARNING,89,False,743,0.5574082447345929,7.059413539381247e-62,0.31057537656707,-0.00018783895515384064,-0.3265574911639255,0.08823529411764706,False
calibration,DY_009,158d5d35-a2ab-4a76-87b0-51048c5d5283,danlab,PASS,0,True,393,0.7225504591970034,1.1476006358567917e-64,0.49655969652025095,0.1757139806928243,0.2458025102062723,1.0,True
calibration,DY_009,158d5d35-a2ab-4a76-87b0-51048c5d5283,danlab,PASS,17,False,393,0.49915164446476357,3.7536414318087705e-26,0.24876684199339416,-0.0007142095197638643,-0.2477928545268568,0.0,False
calibration,DY_009,158d5d35-a2ab-4a76-87b0-51048c5d5283,danlab,PASS,43,False,393,0.4949455899775026,1.1208547734713123e-25,0.2470872339769949,-0.0028004913798439133,-0.24947246254325606,0.18888888888888888,False
calibration,DY_009,158d5d35-a2ab-4a76-87b0-51048c5d5283,danlab,PASS,89,False,393,0.500555243150343,2.5968014711839894e-26,0.25075718631397864,0.0008153005677812297,-0.2458025102062723,0.0,False
calibration,NYU-40,8ca740c5-e7fe-430a-aa10-e74e9c3cbbe8,angelakilab,PASS,0,True,545,0.7046508432342351,5.898415666688557e-83,0.47430690916479024,0.14188399257962223,0.21317210256222463,1.0,True
calibration,NYU-40,8ca740c5-e7fe-430a-aa10-e74e9c3cbbe8,angelakilab,PASS,17,False,545,0.503815225076122,2.0195286917697006e-36,0.260352072003124,-0.0016429965018245525,-0.21395483716166624,0.18888888888888888,False
calibration,NYU-40,8ca740c5-e7fe-430a-aa10-e74e9c3cbbe8,angelakilab,PASS,43,False,545,0.5042969583489102,1.6907292454562853e-36,0.2591990001050552,-0.0013261143831057587,-0.21510790905973504,0.18888888888888888,False
calibration,NYU-40,8ca740c5-e7fe-430a-aa10-e74e9c3cbbe8,angelakilab,PASS,89,False,545,0.5053010212690732,1.1663330586911965e-36,0.2611348066025656,-0.0006667730011782705,-0.21317210256222463,0.18888888888888888,False
calibration,ibl_witten_29,af55d16f-0e31-4073-bdb5-26da54914aa2,wittenlab,WARNING,0,True,1118,0.7620597283601691,6.988251615796142e-213,0.5504999889379425,0.20719656580205595,0.2902127339460363,1.0,True
calibration,ibl_witten_29,af55d16f-0e31-4073-bdb5-26da54914aa2,wittenlab,WARNING,17,False,1118,0.5087637543211855,1.2052790632183557e-74,0.2602872549919062,0.0032195647807819285,-0.2902127339460363,0.0,False
calibration,ibl_witten_29,af55d16f-0e31-4073-bdb5-26da54914aa2,wittenlab,WARNING,43,False,1118,0.5009382826503666,4.545813244504087e-72,0.2532321467381959,-0.0026571683355569586,-0.2972678421997466,0.18888888888888888,False
calibration,ibl_witten_29,af55d16f-0e31-4073-bdb5-26da54914aa2,wittenlab,WARNING,89,False,1118,0.502217217397479,1.742164894533466e-72,0.25479318128621653,-0.0022516342208187914,-0.29570680765172597,0.18888888888888888,False
calibration,DY_011,36280321-555b-446d-9b7d-c2e17991e090,danlab,WARNING,0,True,540,0.8196060351706052,3.019820058598033e-132,0.6327127936237406,0.20438037827806366,0.2757574630566451,1.0,True
calibration,DY_011,36280321-555b-446d-9b7d-c2e17991e090,danlab,WARNING,17,False,540,0.5971893858883672,1.7132291210015114e-53,0.35617176906569975,-0.0006575004736562584,-0.2765410245580408,0.18888888888888888,False
calibration,DY_011,36280321-555b-446d-9b7d-c2e17991e090,danlab,WARNING,43,False,540,0.5974824018422575,1.4791837458822059e-53,0.35695533056709544,-0.0006153462134815638,-0.2757574630566451,0.0,False
calibration,DY_011,36280321-555b-446d-9b7d-c2e17991e090,danlab,WARNING,89,False,540,0.5938994604978798,8.822433380249279e-53,0.35390056991974617,-0.004655643765272148,-0.2788122237039944,0.18888888888888888,False
calibration,KS045,571d3ffe-54a5-473d-a265-5dc373eb7efc,cortexlab,WARNING,0,True,401,0.6191867524511993,8.211614253565467e-44,0.36526486779204115,0.1614113609129936,0.278360354331707,0.9705882352941176,True
calibration,KS045,571d3ffe-54a5-473d-a265-5dc373eb7efc,cortexlab,WARNING,17,False,401,0.26641435497544946,6.078046756004908e-08,0.08689272890205774,-0.006593091724429456,-0.2783721388899834,0.0,False
calibration,KS045,571d3ffe-54a5-473d-a265-5dc373eb7efc,cortexlab,WARNING,43,False,401,0.28029414742254743,1.1282490549529753e-08,0.08686037459772955,-0.00041785067903984025,-0.2784044931943116,0.0,False
calibration,KS045,571d3ffe-54a5-473d-a265-5dc373eb7efc,cortexlab,WARNING,89,False,401,0.2809352703719359,1.0414252987025953e-08,0.08690451346033412,-0.00018643384682037745,-0.278360354331707,0.0,False
calibration,KS043,9468fa93-21ae-4984-955c-e8402e280c83,cortexlab,PASS,0,True,514,0.7086793103745318,1.3676459659809424e-79,0.49594617849628864,0.12013293556215497,0.1635243264443893,1.0,True
calibration,KS043,9468fa93-21ae-4984-955c-e8402e280c83,cortexlab,PASS,17,False,514,0.5753440546800096,1.233407908973796e-46,0.3318055124959303,-0.000695705180657998,-0.16414066600035832,0.18888888888888888,False
calibration,KS043,9468fa93-21ae-4984-955c-e8402e280c83,cortexlab,PASS,43,False,514,0.5718984289024486,5.606681421909312e-46,0.3279029431249249,-0.002912104678223356,-0.16804323537136373,0.18888888888888888,False
calibration,KS043,9468fa93-21ae-4984-955c-e8402e280c83,cortexlab,PASS,89,False,514,0.5776621242544557,4.408591172549069e-47,0.33242185205189934,0.0005552028133835781,-0.1635243264443893,0.08823529411764706,False
calibration,MFD_08,a7eba2cf-427f-4df9-879b-e53e962eae18,churchlandlab_ucla,PASS,0,True,789,0.6889448926758046,4.1039896811956976e-112,0.472254362544324,0.1371622269151486,0.1862679155608148,1.0,True
calibration,MFD_08,a7eba2cf-427f-4df9-879b-e53e962eae18,churchlandlab_ucla,PASS,17,False,789,0.5319709770117217,7.498435422645314e-59,0.28478476828152904,-0.0008257542197226039,-0.18746959426279497,0.18888888888888888,False
calibration,MFD_08,a7eba2cf-427f-4df9-879b-e53e962eae18,churchlandlab_ucla,PASS,43,False,789,0.5335252380573446,3.00985156520091e-59,0.2859864469835092,0.0005820494118667178,-0.1862679155608148,0.08823529411764706,False
calibration,MFD_08,a7eba2cf-427f-4df9-879b-e53e962eae18,churchlandlab_ucla,PASS,89,False,789,0.5316846988375439,8.866726187657617e-59,0.285113568515115,-0.0010706669436660137,-0.18714079402920902,0.18888888888888888,False
calibration,CSHL058,f312aaec-3b6f-44b3-86b4-3a0c119c0438,churchlandlab,WARNING,0,True,621,0.6529291018096275,9.982354824271202e-77,0.40790739752713073,0.14265268853222093,0.22650034830517707,1.0,True
calibration,CSHL058,f312aaec-3b6f-44b3-86b4-3a0c119c0438,churchlandlab,WARNING,17,False,621,0.40892143602382286,1.9747551475104376e-26,0.17701806658643532,-0.0017498451994262254,-0.23088933094069541,0.0,False
calibration,CSHL058,f312aaec-3b6f-44b3-86b4-3a0c119c0438,churchlandlab,WARNING,43,False,621,0.40556815131385937,5.484397960702534e-26,0.17617955954367087,-0.0030638454587225508,-0.23172783798345986,0.0,False
calibration,CSHL058,f312aaec-3b6f-44b3-86b4-3a0c119c0438,churchlandlab,WARNING,89,False,621,0.4131226512731539,5.40226593166029e-27,0.18140704922195366,0.0007821675186798401,-0.22650034830517707,0.0,False
calibration,DY_010,bb6a5aae-2431-401d-8f6a-9fdd6de655a9,danlab,WARNING,0,True,415,0.5286069773266227,3.010384707492776e-31,0.277533894047363,0.10737841721583075,0.17363538451215182,0.9642857142857143,True
calibration,DY_010,bb6a5aae-2431-401d-8f6a-9fdd6de655a9,danlab,WARNING,17,False,415,0.3190403029450517,2.8439837758782576e-11,0.10329167496803932,9.7258823035129e-05,-0.1742422190793237,0.0,False
calibration,DY_010,bb6a5aae-2431-401d-8f6a-9fdd6de655a9,danlab,WARNING,43,False,415,0.32023569331980417,2.3770609110786935e-11,0.10389850953521118,0.0005957082103778358,-0.17363538451215182,0.0,False
calibration,DY_010,bb6a5aae-2431-401d-8f6a-9fdd6de655a9,danlab,WARNING,89,False,415,0.2755870603180075,1.1423904293462105e-08,0.09155832352550564,-0.01612159780250492,-0.18597557052185737,0.0,False
calibration,UCLA044,91bac580-76ed-41ab-ac07-89051f8d7f6e,churchlandlab_ucla,WARNING,0,True,697,0.5950029175167003,5.6792510580122896e-68,0.3457551530560897,0.09851575115912735,0.1585293272239805,0.9705882352941176,True
calibration,UCLA044,91bac580-76ed-41ab-ac07-89051f8d7f6e,churchlandlab_ucla,WARNING,17,False,697,0.42957613900410474,1.1435857499570087e-32,0.18433986341128672,-0.0016741713819807453,-0.161415289644803,0.0,False
calibration,UCLA044,91bac580-76ed-41ab-ac07-89051f8d7f6e,churchlandlab_ucla,WARNING,43,False,697,0.42757597671572545,2.3835401412333162e-32,0.18515889781353823,-0.0023453121262794197,-0.1605962552425515,0.0,False
calibration,UCLA044,91bac580-76ed-41ab-ac07-89051f8d7f6e,churchlandlab_ucla,WARNING,89,False,697,0.4306510389994584,7.690894775404206e-33,0.18722582583210923,-0.0005998778481016709,-0.1585293272239805,0.0,False
calibration,ZFM-01935,71e03be6-b497-4991-a121-9416dcc1a6e7,mainenlab,WARNING,0,True,817,0.7540410596374139,6.182240354117746e-151,0.5354091408410334,0.1917554980844177,0.28626565775564033,1.0,True
calibration,ZFM-01935,71e03be6-b497-4991-a121-9416dcc1a6e7,mainenlab,WARNING,17,False,817,0.49868066173830317,1.39609585516837e-52,0.24797727845648743,-0.0003230570345582606,-0.287431862384546,0.08823529411764706,False
calibration,ZFM-01935,71e03be6-b497-4991-a121-9416dcc1a6e7,mainenlab,WARNING,43,False,817,0.4995407604143558,8.746213166222658e-53,0.24914348308539308,0.00014305046001283905,-0.28626565775564033,0.0,False
calibration,ZFM-01935,71e03be6-b497-4991-a121-9416dcc1a6e7,mainenlab,WARNING,89,False,817,0.49848877197653074,1.549341904916822e-52,0.2483589515843176,-8.002698338186824e-05,-0.2870501892567158,0.0,False
calibration,ibl_witten_13,ebe090af-5922-4fcd-8fc6-17b8ba7bad6d,wittenlab,PASS,0,True,850,0.7964257400309365,2.0146495695786698e-187,0.591306813987807,0.22651571031046816,0.3203929232123855,1.0,True
calibration,ibl_witten_13,ebe090af-5922-4fcd-8fc6-17b8ba7bad6d,wittenlab,PASS,17,False,850,0.5113697125750023,8.096799304257658e-58,0.26661323793618336,-0.006567265967345322,-0.3246935760516237,0.18888888888888888,False
calibration,ibl_witten_13,ebe090af-5922-4fcd-8fc6-17b8ba7bad6d,wittenlab,PASS,43,False,850,0.5201962755451615,4.135334998325305e-60,0.27091389077542155,-0.0002824558307815324,-0.3203929232123855,0.18888888888888888,False
calibration,ibl_witten_13,ebe090af-5922-4fcd-8fc6-17b8ba7bad6d,wittenlab,PASS,89,False,850,0.5205255980160213,3.386043986665241e-60,0.2708713639491953,-6.83298717026511e-05,-0.32043545003861174,0.08823529411764706,False
calibration,SWC_043,4ecb5d24-f5cc-402c-be28-9d0f7cb14b3a,hoferlab,WARNING,0,True,526,0.7434186167810616,1.3626841945655147e-93,0.530401951721378,0.13499594947660976,0.2151986282785694,1.0,True
calibration,SWC_043,4ecb5d24-f5cc-402c-be28-9d0f7cb14b3a,hoferlab,WARNING,17,False,526,0.5588064264260222,1.5754466897978273e-44,0.31520332344280866,0.0015974093107464966,-0.2151986282785694,0.0,False
calibration,SWC_043,4ecb5d24-f5cc-402c-be28-9d0f7cb14b3a,hoferlab,WARNING,43,False,526,0.5501449262598682,6.0572952205724726e-43,0.3087899504906126,-0.004499453590689799,-0.22161200123076547,0.18888888888888888,False
calibration,SWC_043,4ecb5d24-f5cc-402c-be28-9d0f7cb14b3a,hoferlab,WARNING,89,False,526,0.559512195106303,1.1646687569353307e-44,0.31478512306427275,0.0014875514442653226,-0.2156168286571053,0.0,False
calibration,ibl_witten_20,a7763417-e0d6-4f2a-aa55-e382fd9b5fb8,wittenlab,PASS,0,True,970,0.6628682652579323,8.65195296857641e-124,0.42329141279101584,0.11262031491366446,0.18211007332854845,1.0,True
calibration,ibl_witten_20,a7763417-e0d6-4f2a-aa55-e382fd9b5fb8,wittenlab,PASS,17,False,970,0.4910162148757533,5.32809614769091e-60,0.2411813394624674,0.000739460874868351,-0.18211007332854845,0.07487058680575466,False
calibration,ibl_witten_20,a7763417-e0d6-4f2a-aa55-e382fd9b5fb8,wittenlab,PASS,43,False,970,0.48957404289343254,1.3157372943407685e-59,0.23958057554235984,-0.0003732971118308355,-0.183710837248656,0.18888888888888888,False
calibration,ibl_witten_20,a7763417-e0d6-4f2a-aa55-e382fd9b5fb8,wittenlab,PASS,89,False,970,0.48959328215954057,1.3000021996890692e-59,0.23999810865004195,-0.0002525033897553171,-0.1832933041409739,0.18888888888888888,False
calibration,PL024,30af8629-7b96-45b7-8778-374720ddbc5e,hausserlab,WARNING,0,True,413,0.7984923961358538,1.2808483941364061e-92,0.5733706665600908,0.2032062095079823,0.2933887895774551,1.0,True
calibration,PL024,30af8629-7b96-45b7-8778-374720ddbc5e,hausserlab,WARNING,17,False,413,0.5205792730334724,4.630742175208364e-30,0.2714708429546773,-0.004730057901191372,-0.3018998236054135,0.18888888888888888,False
calibration,PL024,30af8629-7b96-45b7-8778-374720ddbc5e,hausserlab,WARNING,43,False,413,0.5318129131481675,1.575211908740426e-31,0.2799818769826357,0.0017413644415735046,-0.2933887895774551,0.0,False
calibration,PL024,30af8629-7b96-45b7-8778-374720ddbc5e,hausserlab,WARNING,89,False,413,0.5248407887328698,1.3034209918719335e-30,0.2767194350807917,-0.0026719774282213393,-0.2966512314792991,0.18888888888888888,False
calibration,NYU-21,ebe2efe3-e8a1-451a-8947-76ef42427cc9,angelakilab,WARNING,0,True,672,0.6839094504677264,8.0656985539833e-94,0.4432021478386148,0.1291779725061786,0.20382313130572072,1.0,True
calibration,NYU-21,ebe2efe3-e8a1-451a-8947-76ef42427cc9,angelakilab,WARNING,17,False,672,0.489846009614993,7.567491151831902e-42,0.23937901653289406,0.0005139663359693403,-0.20382313130572072,0.0,False
calibration,NYU-21,ebe2efe3-e8a1-451a-8947-76ef42427cc9,angelakilab,WARNING,43,False,672,0.4893847467871342,9.242540494393271e-42,0.23882737178453933,-0.0003417371283062816,-0.20437477605407545,0.08823529411764706,False
calibration,NYU-21,ebe2efe3-e8a1-451a-8947-76ef42427cc9,angelakilab,WARNING,89,False,672,0.48965027289668683,8.237935373826998e-42,0.23894103025527103,7.447312642394621e-05,-0.20426111758334375,0.0,False
calibration,CSHL053,810b1e07-009e-4ebe-930a-915e4cd8ece4,churchlandlab,WARNING,0,True,469,0.7183899268956916,1.2693967054581116e-75,0.47357952062576114,0.1857809897749838,0.273509395956693,1.0,True
calibration,CSHL053,810b1e07-009e-4ebe-930a-915e4cd8ece4,churchlandlab,WARNING,17,False,469,0.431188788069392,1.1714180802269582e-22,0.19141344019952955,-0.003201088278444897,-0.2821660804262316,0.08823529411764706,False
calibration,CSHL053,810b1e07-009e-4ebe-930a-915e4cd8ece4,churchlandlab,WARNING,43,False,469,0.4386951496797161,1.7567594159597197e-23,0.19307113011703264,0.0005239100952636836,-0.2805083905087285,0.0,False
calibration,CSHL053,810b1e07-009e-4ebe-930a-915e4cd8ece4,churchlandlab,WARNING,89,False,469,0.44702493909102164,2.0229244245110268e-24,0.20007012466906815,0.004125581242972502,-0.273509395956693,0.0,False
calibration,NYU-39,6ed57216-498d-48a6-b48b-a243a34710ea,angelakilab,PASS,0,True,541,0.760244555697012,4.829894099562729e-103,0.5055359898243343,0.22164776127717015,0.3443238154405757,1.0,True
calibration,NYU-39,6ed57216-498d-48a6-b48b-a243a34710ea,angelakilab,PASS,17,False,541,0.37705669272782333,1.0144121184153355e-19,0.15384155859370574,-0.007055400027141741,-0.3516944312306286,0.0,False
calibration,NYU-39,6ed57216-498d-48a6-b48b-a243a34710ea,angelakilab,PASS,43,False,541,0.3928920480531447,2.057311403196132e-21,0.16121217438375862,-0.0004797937041270221,-0.3443238154405757,0.0,False
calibration,NYU-39,6ed57216-498d-48a6-b48b-a243a34710ea,angelakilab,PASS,89,False,541,0.38966309688308287,4.634604580149298e-21,0.1593475221614553,-0.002107839042889655,-0.34618846766287903,0.0,False
calibration,DY_008,0f25376f-2b78-4ddc-8c39-b6cdbe7bf5b9,danlab,WARNING,0,True,470,0.7250676251457722,7.886183633721129e-78,0.5004352009177002,0.20660683943335142,0.28063679758098387,1.0,True
calibration,DY_008,0f25376f-2b78-4ddc-8c39-b6cdbe7bf5b9,danlab,WARNING,17,False,470,0.458501745609099,8.275200006446603e-26,0.21489965760095897,0.00019857290362608934,-0.28553554331674125,0.0,False
calibration,DY_008,0f25376f-2b78-4ddc-8c39-b6cdbe7bf5b9,danlab,WARNING,43,False,470,0.46067900057416816,4.5490098623724025e-26,0.21663608839037563,0.001850440541148024,-0.2837991125273246,0.0,False
calibration,DY_008,0f25376f-2b78-4ddc-8c39-b6cdbe7bf5b9,danlab,WARNING,89,False,470,0.4651189293899408,1.3248936612950424e-26,0.21979840333671635,0.003979750910924691,-0.28063679758098387,0.0,False
calibration,KS091,78b4fff5-c5ec-44d9-b5f9-d59493063f00,cortexlab,PASS,0,True,892,0.6222433663487004,9.849245520858608e-97,0.38464985133099366,0.0889951953093636,0.1289230551199681,1.0,True
calibration,KS091,78b4fff5-c5ec-44d9-b5f9-d59493063f00,cortexlab,PASS,17,False,892,0.4968845594109058,8.517157689825558e-57,0.24802688015390945,5.290415254858664e-05,-0.13662297117708422,0.08823529411764706,False
calibration,KS091,78b4fff5-c5ec-44d9-b5f9-d59493063f00,cortexlab,PASS,43,False,892,0.5058373543277251,4.027712974164449e-59,0.25572679621102556,0.0046745844733224,-0.1289230551199681,0.08823529411764706,False
calibration,KS091,78b4fff5-c5ec-44d9-b5f9-d59493063f00,cortexlab,PASS,89,False,892,0.4980494559728097,4.281912580603562e-57,0.24959342151001435,0.0005005230808748188,-0.13505642982097932,0.08823529411764706,False
calibration,UCLA005,d57df551-6dcb-4242-9c72-b806cff5613a,churchlandlab_ucla,WARNING,0,True,772,0.7597581785538118,4.232382128203457e-146,0.5660894547552547,0.14734032339825562,0.19809688065211595,1.0,True
calibration,UCLA005,d57df551-6dcb-4242-9c72-b806cff5613a,churchlandlab_ucla,WARNING,17,False,772,0.6039683761546972,6.352541125698272e-78,0.36758772130054335,-0.0016312167420558892,-0.1985017334547114,0.18888888888888888,False
calibration,UCLA005,d57df551-6dcb-4242-9c72-b806cff5613a,churchlandlab_ucla,WARNING,43,False,772,0.6053728755829859,2.2608008077675334e-78,0.3668073283601855,-0.0005233033627532468,-0.19928212639506926,0.18888888888888888,False
calibration,UCLA005,d57df551-6dcb-4242-9c72-b806cff5613a,churchlandlab_ucla,WARNING,89,False,772,0.6060534571314093,1.3678415045308985e-78,0.3679925741031388,0.0006481399807301188,-0.19809688065211595,0.08823529411764706,False
calibration,CSH_ZAD_029,e349a2e7-50a3-47ca-bc45-20d1899854ec,zadorlab,WARNING,0,True,1022,0.757384153991873,5.113227153771495e-191,0.530997464063229,0.16301005806564936,0.243650028647991,1.0,True
calibration,CSH_ZAD_029,e349a2e7-50a3-47ca-bc45-20d1899854ec,zadorlab,WARNING,17,False,1022,0.5338293589760268,2.361964750796064e-76,0.2852909768912175,-0.0012178612061470862,-0.2457064871720115,0.0,False
calibration,CSH_ZAD_029,e349a2e7-50a3-47ca-bc45-20d1899854ec,zadorlab,WARNING,43,False,1022,0.5361562835360636,3.970137954969166e-77,0.287347435415238,0.00029787006346822703,-0.243650028647991,0.08823529411764706,False
calibration,CSH_ZAD_029,e349a2e7-50a3-47ca-bc45-20d1899854ec,zadorlab,WARNING,89,False,1022,0.5354901199094866,6.6243354998489215e-77,0.2864697755762278,-0.00011188462184034502,-0.24452768848700118,0.08823529411764706,False
calibration,CSH_ZAD_011,03cf52f6-fba6-4743-a42e-dd1ac3072343,zadorlab,PASS,0,True,412,0.6067429099538386,8.673475861553484e-43,0.36114023528213707,0.1635802160262411,0.287332802516392,0.9705882352941176,True
calibration,CSH_ZAD_011,03cf52f6-fba6-4743-a42e-dd1ac3072343,zadorlab,PASS,17,False,412,0.2573937066884778,1.1696376905799846e-07,0.07380743276574508,3.5641936022493916e-05,-0.287332802516392,0.0,False
calibration,CSH_ZAD_011,03cf52f6-fba6-4743-a42e-dd1ac3072343,zadorlab,PASS,43,False,412,0.25130138754421505,2.3593249599295837e-07,0.07194423425934404,-0.0020164654899100056,-0.289196001022793,0.0,False
calibration,CSH_ZAD_011,03cf52f6-fba6-4743-a42e-dd1ac3072343,zadorlab,PASS,89,False,412,0.25600326732998446,1.3749654783736566e-07,0.07349527201871076,-3.6684355837146576e-05,-0.2876449632634263,0.0,False
calibration,CSH_ZAD_019,5adab0b7-dfd0-467d-b09d-43cb7ca5d59c,zadorlab,WARNING,0,True,667,0.6956597030724678,1.3164838578507534e-97,0.45021068602379266,0.17895053506574196,0.2663547952725767,1.0,True
calibration,CSH_ZAD_019,5adab0b7-dfd0-467d-b09d-43cb7ca5d59c,zadorlab,WARNING,17,False,667,0.4156913692777759,2.9795547411344785e-29,0.18385589075121594,-0.0026938541666910267,-0.2663547952725767,0.18888888888888888,False
calibration,CSH_ZAD_019,5adab0b7-dfd0-467d-b09d-43cb7ca5d59c,zadorlab,WARNING,43,False,667,0.4203746204319088,6.084442987184909e-30,0.1836127797337599,-0.00047407062336883116,-0.26659790629003277,0.18888888888888888,False
calibration,CSH_ZAD_019,5adab0b7-dfd0-467d-b09d-43cb7ca5d59c,zadorlab,WARNING,89,False,667,0.41810131148345747,1.3197146432087288e-29,0.18327262779571046,-0.0010445107079890918,-0.2669380582280822,0.18888888888888888,False
calibration,NYU-65,8c025071-c4f3-426c-9aed-f149e8f75b7b,angelakilab,PASS,0,True,525,0.6537982162114274,2.4758700403079707e-65,0.40801624400581465,0.15275641220658212,0.2176876776752164,1.0,True
calibration,NYU-65,8c025071-c4f3-426c-9aed-f149e8f75b7b,angelakilab,PASS,17,False,525,0.43612900551140904,8.689750886465926e-26,0.19032856633059825,0.006023451100536407,-0.2176876776752164,0.0,False
calibration,NYU-65,8c025071-c4f3-426c-9aed-f149e8f75b7b,angelakilab,PASS,43,False,525,0.4240805698117683,2.484387746733829e-24,0.18007758802390267,-0.00042455035180892037,-0.227938655981912,0.08823529411764706,False
calibration,NYU-65,8c025071-c4f3-426c-9aed-f149e8f75b7b,angelakilab,PASS,89,False,525,0.4303321508114121,4.435449088494547e-25,0.18437007661520627,0.0017509216898960271,-0.22364616739060839,0.0,False
calibration,CSHL051,ecb5520d-1358-434c-95ec-93687ecd1396,churchlandlab,WARNING,0,True,502,0.6726099453092858,2.1800827732748807e-67,0.4410497174858408,0.13805764334428727,0.20604417040255057,0.9705882352941176,True
calibration,CSHL051,ecb5520d-1358-434c-95ec-93687ecd1396,churchlandlab,WARNING,17,False,502,0.48030023883342543,2.4743882868682286e-30,0.23267187305825116,0.0007858027408095639,-0.20837784442758966,0.0,False
calibration,CSHL051,ecb5520d-1358-434c-95ec-93687ecd1396,churchlandlab,WARNING,43,False,502,0.48434019167082154,6.8943188627085375e-31,0.23500554708329024,0.0026846429542655517,-0.20604417040255057,0.0,False
calibration,CSHL051,ecb5520d-1358-434c-95ec-93687ecd1396,churchlandlab,WARNING,89,False,502,0.4713394688565027,3.9661506510173406e-29,0.22664066639528885,-0.005961316531602516,-0.21440905109055197,0.08823529411764706,False
calibration,DY_014,4720c98a-a305-4fba-affb-bbfa00a724a4,danlab,WARNING,0,True,605,0.7539075959959429,4.148322422356084e-112,0.5373524433774184,0.21943813794380387,0.31843188279078616,1.0,True
calibration,DY_014,4720c98a-a305-4fba-affb-bbfa00a724a4,danlab,WARNING,17,False,605,0.4514091677714945,1.0407577335500047e-31,0.21280448467915902,-0.0029160525617069424,-0.32454795869825936,0.0,False
calibration,DY_014,4720c98a-a305-4fba-affb-bbfa00a724a4,danlab,WARNING,43,False,605,0.4615058601790163,3.0426071304770543e-33,0.21892056058663223,0.0020860707660424658,-0.31843188279078616,0.0,False
calibration,DY_014,4720c98a-a305-4fba-affb-bbfa00a724a4,danlab,WARNING,89,False,605,0.4515114866754277,1.0047524037713833e-31,0.2139477976997496,-0.0017083080579619232,-0.3234046456776688,0.0,False
calibration,UCLA048,dc962048-89bb-4e6a-96a9-b062a2be1426,churchlandlab_ucla,PASS,0,True,458,0.5785345899763755,2.8555022888251822e-42,0.3078443063917715,0.12430482433329203,0.288991375223299,0.9642857142857143,True
calibration,UCLA048,dc962048-89bb-4e6a-96a9-b062a2be1426,churchlandlab_ucla,PASS,17,False,458,0.10184530397993044,0.029309541090485353,0.017272038652155097,-0.002507161671207329,-0.2905722677396164,0.0,False
calibration,UCLA048,dc962048-89bb-4e6a-96a9-b062a2be1426,churchlandlab_ucla,PASS,43,False,458,0.1074004335092489,0.021513941430000842,0.01885293116847253,-0.001967636642283129,-0.288991375223299,0.0,False
calibration,UCLA048,dc962048-89bb-4e6a-96a9-b062a2be1426,churchlandlab_ucla,PASS,89,False,458,0.11450379712573279,0.014211957876372234,0.018290618227444266,-0.0008123346575352371,-0.28955368816432725,0.0,False
risk_lock,ZM_1897,dd4da095-4a99-4bf3-9727-f735077dba66,mainenlab,WARNING,0,True,401,0.8020258735753145,2.4779999661282427e-91,0.5961304685053832,0.2237224741571424,0.2857336056005525,1.0,True
risk_lock,ZM_1897,dd4da095-4a99-4bf3-9727-f735077dba66,mainenlab,WARNING,17,False,401,0.5597659827639742,1.910160873033206e-34,0.3103968629048307,-0.00012689337905073353,-0.2857336056005525,0.0,False
risk_lock,ZM_1897,dd4da095-4a99-4bf3-9727-f735077dba66,mainenlab,WARNING,43,False,401,0.5554995979208944,7.6321185754498515e-34,0.3091746724187177,-0.001790290610768815,-0.2869557960866655,0.0,False
risk_lock,ZM_1897,dd4da095-4a99-4bf3-9727-f735077dba66,mainenlab,WARNING,89,False,401,0.5565338714420403,5.465189655223712e-34,0.30861231406216516,-0.002939183173566451,-0.28751815444321804,0.0,False
risk_lock,ZFM-04308,239dd3c9-35f3-4462-95ee-91b822a22e6b,mainenlab,PASS,0,True,411,0.5912978767532528,4.101576705561236e-40,0.33323175574385705,0.14511996738707314,0.23368957487803987,0.9705882352941176,True
risk_lock,ZFM-04308,239dd3c9-35f3-4462-95ee-91b822a22e6b,mainenlab,PASS,17,False,411,0.2846370976261856,4.231751536559291e-09,0.09666504009264093,-0.0005440551244706807,-0.23656671565121612,0.0,False
risk_lock,ZFM-04308,239dd3c9-35f3-4462-95ee-91b822a22e6b,mainenlab,PASS,43,False,411,0.2807060832604585,7.026716620490698e-09,0.09954218086581718,-0.0027329850222413223,-0.23368957487803987,0.0,False
risk_lock,ZFM-04308,239dd3c9-35f3-4462-95ee-91b822a22e6b,mainenlab,PASS,89,False,411,0.28600038534737793,3.5427477725459645e-09,0.09710641333510583,-0.00021867720077691408,-0.23612534240875122,0.0,False
risk_lock,NR_0020,d901aff5-2250-467a-b4a1-0cb9729df9e2,steinmetzlab,PASS,0,True,458,0.7090112610159702,3.5501417453621768e-71,0.468269906991035,0.1764650766914065,0.2817712118809851,1.0,True
risk_lock,NR_0020,d901aff5-2250-467a-b4a1-0cb9729df9e2,steinmetzlab,PASS,17,False,458,0.4170955741893486,1.0538841976973839e-20,0.1802063892802931,-0.00021629083505928884,-0.2880635177107419,0.0,False
risk_lock,NR_0020,d901aff5-2250-467a-b4a1-0cb9729df9e2,steinmetzlab,PASS,43,False,458,0.419468121245643,6.0559003453398976e-21,0.18174045789167237,0.00031942874993743747,-0.2865294490993626,0.0,False
risk_lock,NR_0020,d901aff5-2250-467a-b4a1-0cb9729df9e2,steinmetzlab,PASS,89,False,458,0.4188858745134526,6.940726009630559e-21,0.1864986951100499,0.0021534967920535664,-0.2817712118809851,0.0,False
risk_lock,UCLA011,824cf03d-4012-4ab1-b499-c83a92c5589e,churchlandlab_ucla,PASS,0,True,759,0.6848444016964921,3.7206411015734563e-106,0.4669216340759776,0.11768803753510575,0.16130994623966294,1.0,True
risk_lock,UCLA011,824cf03d-4012-4ab1-b499-c83a92c5589e,churchlandlab_ucla,PASS,17,False,759,0.5424546063595249,2.7495007698967742e-59,0.29411775554213904,-0.0014070450854737904,-0.17280387853383855,0.0,False
risk_lock,UCLA011,824cf03d-4012-4ab1-b499-c83a92c5589e,churchlandlab_ucla,PASS,43,False,759,0.5428557154230775,2.175246917642705e-59,0.29385542939787057,-0.00160811379803442,-0.17306620467810702,0.0,False
risk_lock,UCLA011,824cf03d-4012-4ab1-b499-c83a92c5589e,churchlandlab_ucla,PASS,89,False,759,0.5550304232654015,1.523531882618704e-62,0.30561168783631465,0.005940229796251584,-0.16130994623966294,0.0,False
risk_lock,KS014,b9c205c3-feac-485b-a89d-afc96d9cb280,cortexlab,WARNING,0,True,657,0.7361702432088424,3.7682220587239026e-113,0.5163621504966625,0.24052984581895212,0.32816090333537346,1.0,True
risk_lock,KS014,b9c205c3-feac-485b-a89d-afc96d9cb280,cortexlab,WARNING,17,False,657,0.43245647347733596,2.5484904048869285e-31,0.188201247161289,0.0019283982116952518,-0.32816090333537346,0.0,False
risk_lock,KS014,b9c205c3-feac-485b-a89d-afc96d9cb280,cortexlab,WARNING,43,False,657,0.42950176896358017,7.146379295394641e-31,0.18581719777658912,0.00028980427261845093,-0.33054495272007334,0.08823529411764706,False
risk_lock,KS014,b9c205c3-feac-485b-a89d-afc96d9cb280,cortexlab,WARNING,89,False,657,0.42144031531254234,1.1312529215826242e-29,0.18221239848360676,-0.003750779191191341,-0.3341497520130557,0.08823529411764706,False
risk_lock,ZFM-02373,0802ced5-33a3-405e-8336-b65ebc5cb07c,mainenlab,WARNING,0,True,424,0.5940684335472464,8.430372198568927e-42,0.33961940784680206,0.12883822209598136,0.20364845915942403,0.9642857142857143,True
risk_lock,ZFM-02373,0802ced5-33a3-405e-8336-b65ebc5cb07c,mainenlab,WARNING,17,False,424,0.3491222635953365,1.3432640350756027e-13,0.13479741366748177,-0.00393044316843109,-0.2048219941793203,0.0,False
risk_lock,ZFM-02373,0802ced5-33a3-405e-8336-b65ebc5cb07c,mainenlab,WARNING,43,False,424,0.33506519867792267,1.3917072714770814e-12,0.1329759595800683,-0.011098163768519501,-0.20664344826673375,0.0,False
risk_lock,ZFM-02373,0802ced5-33a3-405e-8336-b65ebc5cb07c,mainenlab,WARNING,89,False,424,0.35521632629888517,4.697732360908768e-14,0.13597094868737802,-0.0007902919024080912,-0.20364845915942403,0.0,False
risk_lock,PL031,ef38e503-dd79-4185-bf87-4712d4f274fe,hausserlab,WARNING,0,True,577,0.7215456494747771,7.183259606605168e-94,0.4867069411532544,0.16892467576260026,0.2758571650267682,1.0,True
risk_lock,PL031,ef38e503-dd79-4185-bf87-4712d4f274fe,hausserlab,WARNING,17,False,577,0.45273648755395346,1.6726666505747917e-30,0.2090809647546954,0.0008086835397927242,-0.277625976398559,0.0,False
risk_lock,PL031,ef38e503-dd79-4185-bf87-4712d4f274fe,hausserlab,WARNING,43,False,577,0.44824722711241516,7.2658209697059e-30,0.2082627442771492,-0.0011378711301989197,-0.2784441968761052,0.0,False
risk_lock,PL031,ef38e503-dd79-4185-bf87-4712d4f274fe,hausserlab,WARNING,89,False,577,0.4534745370215137,1.311081245654093e-30,0.2108497761264862,0.0003683655406503024,-0.2758571650267682,0.0,False
risk_lock,ibl_witten_25,5285c561-80da-4563-8694-739da92e5dd0,wittenlab,PASS,0,True,563,0.7290649732586019,1.9434386835580232e-94,0.49280190045634903,0.21533001392174636,0.32598391935346943,1.0,True
risk_lock,ibl_witten_25,5285c561-80da-4563-8694-739da92e5dd0,wittenlab,PASS,17,False,563,0.38885595976676124,9.15945745831303e-22,0.1579947707406809,-0.001704557034223786,-0.3348071297156681,0.0,False
risk_lock,ibl_witten_25,5285c561-80da-4563-8694-739da92e5dd0,wittenlab,PASS,43,False,563,0.4005253233124217,4.1689290772105283e-23,0.1668179811028796,0.0027930154604885273,-0.32598391935346943,0.0,False
risk_lock,ibl_witten_25,5285c561-80da-4563-8694-739da92e5dd0,wittenlab,PASS,89,False,563,0.38928789753871157,8.187474058971671e-22,0.15740177340126094,-0.001702724932955239,-0.3354001270550881,0.0,False
risk_lock,NYU-46,6434f2f5-6bce-42b8-8563-d93d493613a2,angelakilab,PASS,0,True,395,0.6932877814244905,7.089699760244783e-58,0.43765593641661105,0.22258349378596654,0.3251917858399806,1.0,True
risk_lock,NYU-46,6434f2f5-6bce-42b8-8563-d93d493613a2,angelakilab,PASS,17,False,395,0.30964250898889817,3.179505091808559e-10,0.11246415057663045,-0.000623652012828213,-0.3251917858399806,0.0,False
risk_lock,NYU-46,6434f2f5-6bce-42b8-8563-d93d493613a2,angelakilab,PASS,43,False,395,0.31200071256917083,2.294760126513885e-10,0.10919512784719548,-8.972595352204256e-05,-0.32846080856941556,0.0,False
risk_lock,NYU-46,6434f2f5-6bce-42b8-8563-d93d493613a2,angelakilab,PASS,89,False,395,0.3032701898377637,7.565045960491756e-10,0.1093724150798493,-0.005575528373775951,-0.32828352133676175,0.0,False
risk_lock,SWC_052,fc14c0d6-51cf-48ba-b326-56ed5a9420c3,mrsicflogellab,WARNING,0,True,518,0.7080748281121924,5.2642019803830366e-80,0.5008346653412825,0.18497444581939482,0.30791228856903863,1.0,True
risk_lock,SWC_052,fc14c0d6-51cf-48ba-b326-56ed5a9420c3,mrsicflogellab,WARNING,17,False,518,0.41980663931604395,1.5682886897574537e-23,0.18862103333274938,-7.410622268890406e-05,-0.31221363200853314,0.18888888888888888,False
risk_lock,SWC_052,fc14c0d6-51cf-48ba-b326-56ed5a9420c3,mrsicflogellab,WARNING,43,False,518,0.4196774918258369,1.622941078894757e-23,0.19120433681011295,-0.0006615207854309876,-0.30963032853116956,0.18888888888888888,False
risk_lock,SWC_052,fc14c0d6-51cf-48ba-b326-56ed5a9420c3,mrsicflogellab,WARNING,89,False,518,0.4248686167471399,4.0479078396742214e-24,0.1929223767722439,0.0015971665124458467,-0.30791228856903863,0.01598345289829368,False
risk_lock,PL030,2038e95d-64d4-4ecb-83d0-1308d3c598f8,hausserlab,WARNING,0,True,535,0.8200494750682253,2.7202904522509323e-131,0.6191441190068814,0.25969215642644533,0.34185374332985474,1.0,True
risk_lock,PL030,2038e95d-64d4-4ecb-83d0-1308d3c598f8,hausserlab,WARNING,17,False,535,0.5273797159210167,1.2404832309073021e-39,0.27729037567702663,0.00013017681978833018,-0.34185374332985474,0.0,False
risk_lock,PL030,2038e95d-64d4-4ecb-83d0-1308d3c598f8,hausserlab,WARNING,43,False,535,0.5216627512238274,1.1372577458901153e-38,0.27192592833046686,-0.0036427160612710527,-0.3472181906764145,0.18888888888888888,False
risk_lock,PL030,2038e95d-64d4-4ecb-83d0-1308d3c598f8,hausserlab,WARNING,89,False,535,0.5254998063818004,2.5824773461992344e-39,0.2746078765283297,-0.0011748359162265058,-0.3445362424785517,0.18888888888888888,False
risk_lock,ZFM-02372,88224abb-5746-431f-9c17-17d7ef806e6a,mainenlab,WARNING,0,True,452,0.7312682955799469,8.688051528984052e-77,0.5238407764862475,0.12966647817929247,0.18242911119676125,1.0,True
risk_lock,ZFM-02372,88224abb-5746-431f-9c17-17d7ef806e6a,mainenlab,WARNING,17,False,452,0.5782238526855314,1.1027909981718699e-41,0.3379945702721685,-0.00396207615800559,-0.185846206214079,0.18888888888888888,False
risk_lock,ZFM-02372,88224abb-5746-431f-9c17-17d7ef806e6a,mainenlab,WARNING,43,False,452,0.5795400582967389,6.56999716414032e-42,0.3386314600390457,-0.0026188072244694625,-0.1852093164472018,0.18888888888888888,False
risk_lock,ZFM-02372,88224abb-5746-431f-9c17-17d7ef806e6a,mainenlab,WARNING,89,False,452,0.5850643930875372,7.282410208669712e-43,0.34141166528948624,0.0003087031479426609,-0.18242911119676125,0.08823529411764706,False
risk_lock,CSHL049,d2918f52-8280-43c0-924b-029b2317e62c,churchlandlab,WARNING,0,True,837,0.6845304139140531,9.433323479150221e-117,0.4460473563488966,0.1687371350233632,0.2746074850363053,1.0,True
risk_lock,CSHL049,d2918f52-8280-43c0-924b-029b2317e62c,churchlandlab,WARNING,17,False,837,0.4092700024799669,3.8584674573045227e-35,0.17042689362042174,-0.002112909740887181,-0.27562046272847485,0.08823529411764706,False
risk_lock,CSHL049,d2918f52-8280-43c0-924b-029b2317e62c,churchlandlab,WARNING,43,False,837,0.41074232011399686,2.0976459525374024e-35,0.17020295758409276,-0.0015099935708363654,-0.2758443987648038,0.08823529411764706,False
risk_lock,CSHL049,d2918f52-8280-43c0-924b-029b2317e62c,churchlandlab,WARNING,89,False,837,0.4099577267923755,2.903656126373036e-35,0.1714398713125913,-0.002245723984192686,-0.2746074850363053,0.0,False
risk_lock,DY_020,4a45c8ba-db6f-4f11-9403-56e06a33dfa4,danlab,PASS,0,True,401,0.6393442208517703,1.8223108709014094e-47,0.38001740901231634,0.13781313393492742,0.212856667980036,0.9705882352941176,True
risk_lock,DY_020,4a45c8ba-db6f-4f11-9403-56e06a33dfa4,danlab,PASS,17,False,401,0.3993092629153917,8.810180466234607e-17,0.16716074103228035,0.0011569841592330061,-0.212856667980036,0.0,False
risk_lock,DY_020,4a45c8ba-db6f-4f11-9403-56e06a33dfa4,danlab,PASS,43,False,401,0.3980321920832621,1.1252032107392054e-16,0.16522707938140074,0.0004541502910234696,-0.2147903296309156,0.0,False
risk_lock,DY_020,4a45c8ba-db6f-4f11-9403-56e06a33dfa4,danlab,PASS,89,False,401,0.38072249464695573,2.7973562843596552e-15,0.1561723484036357,-0.00954097679156977,-0.22384506060868065,0.0,False
risk_lock,KS096,1b9e349e-93f2-41cc-a4b5-b212d7ddc8df,cortexlab,PASS,0,True,1138,0.7315536169229003,3.4063300508698014e-191,0.5270356824888037,0.159346251334672,0.21709564960786515,1.0,True
risk_lock,KS096,1b9e349e-93f2-41cc-a4b5-b212d7ddc8df,cortexlab,PASS,17,False,1138,0.5538133052714954,1.861701143750546e-92,0.3099400328809386,0.0014678402807813407,-0.21709564960786515,0.0,False
risk_lock,KS096,1b9e349e-93f2-41cc-a4b5-b212d7ddc8df,cortexlab,PASS,43,False,1138,0.5510146220748339,2.34334479760648e-91,0.30674003666324073,2.8683788899493596e-05,-0.220295645825563,0.0,False
risk_lock,KS096,1b9e349e-93f2-41cc-a4b5-b212d7ddc8df,cortexlab,PASS,89,False,1138,0.5496316646748041,8.119364136550693e-91,0.3054890649075659,-0.0010240554657427274,-0.22154661758123784,0.08823529411764706,False
risk_lock,ibl_witten_26,ff96bfe1-d925-4553-94b5-bf8297adf259,wittenlab,PASS,0,True,426,0.6706241734137399,5.770664619332816e-57,0.3996957133268235,0.21263621328121415,0.3374396320287431,1.0,True
risk_lock,ibl_witten_26,ff96bfe1-d925-4553-94b5-bf8297adf259,wittenlab,PASS,17,False,426,0.2245903551090399,2.8434496129920083e-06,0.05571715985011311,-0.002498863165407187,-0.3439785534767104,0.0,False
risk_lock,ibl_witten_26,ff96bfe1-d925-4553-94b5-bf8297adf259,wittenlab,PASS,43,False,426,0.2240239865638111,3.0164060361809863e-06,0.0560264797841617,-0.0020689938117927076,-0.3436692335426618,0.0,False
risk_lock,ibl_witten_26,ff96bfe1-d925-4553-94b5-bf8297adf259,wittenlab,PASS,89,False,426,0.24443444980115903,3.257018159594149e-07,0.06225608129808041,0.0019795054371101553,-0.3374396320287431,0.0,False
risk_lock,PL015,64977c74-9c04-437a-9ea1-50386c4996db,hausserlab,WARNING,0,True,817,0.8422124169069897,7.264311500489372e-221,0.6395476126673643,0.2693254312282724,0.3890419671387602,1.0,True
risk_lock,PL015,64977c74-9c04-437a-9ea1-50386c4996db,hausserlab,WARNING,17,False,817,0.49916369899456947,1.0738085689462439e-52,0.24996572334677353,-0.0010872536320305122,-0.38958188932059074,0.18888888888888888,False
risk_lock,PL015,64977c74-9c04-437a-9ea1-50386c4996db,hausserlab,WARNING,43,False,817,0.4996581534777096,8.204556338509643e-53,0.25050564552860405,-0.0010013468892125694,-0.3890419671387602,0.18888888888888888,False
risk_lock,PL015,64977c74-9c04-437a-9ea1-50386c4996db,hausserlab,WARNING,89,False,817,0.49071969339522337,9.943279193574772e-51,0.24640355092961091,-0.0064744387426493395,-0.39314406173775335,0.18888888888888888,False
risk_lock,PL017,10fac7a1-919d-4ca7-83c4-4675bd8d9416,hausserlab,WARNING,0,True,545,0.7580931341046259,6.972437929337047e-103,0.5342533732026441,0.20385323082606788,0.28079319450130524,1.0,True
risk_lock,PL017,10fac7a1-919d-4ca7-83c4-4675bd8d9416,hausserlab,WARNING,17,False,545,0.49876178154788153,1.2807688832474837e-35,0.25107833825341724,-0.0019346464930722895,-0.28317503494922686,0.16666666666666666,False
risk_lock,PL017,10fac7a1-919d-4ca7-83c4-4675bd8d9416,hausserlab,WARNING,43,False,545,0.4963956830543487,3.009557535743239e-35,0.2507981037840845,-0.004457359564972026,-0.2834552694185596,0.16666666666666666,False
risk_lock,PL017,10fac7a1-919d-4ca7-83c4-4675bd8d9416,hausserlab,WARNING,89,False,545,0.5028396958794565,2.8917340590755075e-36,0.25346017870133886,-6.0385436054651485e-05,-0.28079319450130524,0.0,False
risk_lock,ibl_witten_27,952870e5-f2a7-4518-9e6d-71585460f6fe,wittenlab,PASS,0,True,906,0.7132871137242737,1.0650671605509657e-141,0.504039356234107,0.11050341895216637,0.15404964912203484,1.0,True
risk_lock,ibl_witten_27,952870e5-f2a7-4518-9e6d-71585460f6fe,wittenlab,PASS,17,False,906,0.5902317215592208,3.795378035249806e-86,0.34977672514091396,1.4584528824486872e-05,-0.15426263109319305,0.18888888888888888,False
risk_lock,ibl_witten_27,952870e5-f2a7-4518-9e6d-71585460f6fe,wittenlab,PASS,43,False,906,0.5896441176457903,6.143684791659109e-86,0.3492915552963061,-0.0005986318967619586,-0.15474780093780088,0.18888888888888888,False
risk_lock,ibl_witten_27,952870e5-f2a7-4518-9e6d-71585460f6fe,wittenlab,PASS,89,False,906,0.5899962680751019,4.603867320208126e-86,0.34998970711207217,-8.649402096809014e-06,-0.15404964912203484,0.18888888888888888,False
risk_lock,SWC_053,239cdbb1-68e2-4eb0-91d8-ae5ae4001c7a,mrsicflogellab,WARNING,0,True,634,0.6122656224283407,1.738361279081297e-66,0.37484536012562447,0.1061750711918174,0.16390241540807943,1.0,True
risk_lock,SWC_053,239cdbb1-68e2-4eb0-91d8-ae5ae4001c7a,mrsicflogellab,WARNING,17,False,634,0.45687523217134574,5.114403068090083e-34,0.21094294471754504,-4.7154052141525536e-05,-0.16390241540807943,0.18888888888888888,False
risk_lock,SWC_053,239cdbb1-68e2-4eb0-91d8-ae5ae4001c7a,mrsicflogellab,WARNING,43,False,634,0.4564033732517546,6.080773246511493e-34,0.21087751471025606,-0.00046354244149571233,-0.1639678454153684,0.0,False
risk_lock,SWC_053,239cdbb1-68e2-4eb0-91d8-ae5ae4001c7a,mrsicflogellab,WARNING,89,False,634,0.454110811690806,1.4043673457723746e-33,0.21069968620048052,-0.0014133604699399689,-0.16414567392514395,0.18888888888888888,False
risk_lock,ZM_2240,d33baf74-263c-4b37-a0d0-b79dcb80a764,mainenlab,PASS,0,True,426,0.7262601931771686,5.107086853689336e-71,0.4802673031958625,0.2527057200848206,0.34449397893305683,1.0,True
risk_lock,ZM_2240,d33baf74-263c-4b37-a0d0-b79dcb80a764,mainenlab,PASS,17,False,426,0.3453331042108201,2.2427353801526298e-13,0.12811823195473515,-0.0063447597803017635,-0.3521490712411274,0.0,False
risk_lock,ZM_2240,d33baf74-263c-4b37-a0d0-b79dcb80a764,mainenlab,PASS,43,False,426,0.36435947977401417,8.050262656791133e-15,0.1357733242628057,0.0017927487899748185,-0.34449397893305683,0.0,False
risk_lock,ZM_2240,d33baf74-263c-4b37-a0d0-b79dcb80a764,mainenlab,PASS,89,False,426,0.3548102239518478,4.397160668299783e-14,0.13126923800502088,-0.0008981266575460353,-0.34899806519084164,0.0,False
risk_lock,UCLA033,32d27583-56aa-4510-bc03-669036edad20,churchlandlab_ucla,PASS,0,True,785,0.7012279962761909,3.528490882001937e-117,0.4880881935364345,0.10352935803930997,0.14102109782771027,1.0,True
risk_lock,UCLA033,32d27583-56aa-4510-bc03-669036edad20,churchlandlab_ucla,PASS,17,False,785,0.5869016681583921,7.683557195642573e-74,0.3455409074485412,-0.0034552185812928107,-0.1425472860878933,0.18888888888888888,False
risk_lock,UCLA033,32d27583-56aa-4510-bc03-669036edad20,churchlandlab_ucla,PASS,43,False,785,0.5887456557826962,2.094134297091251e-74,0.34706709570872424,-0.0017650218485043556,-0.14102109782771027,0.0,False
risk_lock,UCLA033,32d27583-56aa-4510-bc03-669036edad20,churchlandlab_ucla,PASS,89,False,785,0.5851508330973678,2.619725926999857e-73,0.3430014350571816,-0.005044041516203542,-0.1450867584792529,0.18888888888888888,False
risk_lock,ZFM-01576,c4432264-e1ae-446f-8a07-6280abade813,mainenlab,WARNING,0,True,848,0.6424000698584368,7.316508835862923e-100,0.392786078588189,0.12381157300529137,0.19517172508830138,1.0,True
risk_lock,ZFM-01576,c4432264-e1ae-446f-8a07-6280abade813,mainenlab,WARNING,17,False,848,0.4389246653982726,3.017673729782402e-41,0.19521558487161894,-0.0009265885892129436,-0.19757049371657004,0.08823529411764706,False
risk_lock,ZFM-01576,c4432264-e1ae-446f-8a07-6280abade813,mainenlab,WARNING,43,False,848,0.44151333053507197,9.074157953269772e-42,0.19563557382656455,0.00011113148002369251,-0.19715050476162443,0.0,False
risk_lock,ZFM-01576,c4432264-e1ae-446f-8a07-6280abade813,mainenlab,WARNING,89,False,848,0.4423874971948146,6.033329950583328e-42,0.1976143534998876,0.0008734304311216098,-0.19517172508830138,0.0,False
risk_lock,SWC_061,d7e60cc3-6020-429e-a654-636c6cc677ea,hoferlab,PASS,0,True,481,0.5981368022474544,5.313959109585879e-48,0.3537526956273448,0.09708266910259693,0.18899308328531678,0.9705882352941176,True
risk_lock,SWC_061,d7e60cc3-6020-429e-a654-636c6cc677ea,hoferlab,PASS,17,False,481,0.40125607587053025,4.940046558919302e-20,0.16475961234202802,-0.0038122039807918875,-0.18899308328531678,0.08823529411764706,False
risk_lock,SWC_061,d7e60cc3-6020-429e-a654-636c6cc677ea,hoferlab,PASS,43,False,481,0.3937333871099168,2.7576394671294516e-19,0.16170954659235826,-0.006368022517334704,-0.19204314903498654,0.08823529411764706,False
risk_lock,SWC_061,d7e60cc3-6020-429e-a654-636c6cc677ea,hoferlab,PASS,89,False,481,0.39937057447575386,7.633211251352754e-20,0.16326192293871317,-0.003598238763219778,-0.19049077268863163,0.0,False
risk_lock,DY_018,54238fd6-d2d0-4408-b1a9-d19d24fd29ce,danlab,WARNING,0,True,623,0.7609754392392025,8.632727163537171e-119,0.525335202414134,0.21679648319484401,0.3329740527895545,1.0,True
risk_lock,DY_018,54238fd6-d2d0-4408-b1a9-d19d24fd29ce,danlab,WARNING,17,False,623,0.43336261636537965,6.534860611965066e-30,0.1913784272253341,-0.001963556073866853,-0.3339567751887999,0.18888888888888888,False
risk_lock,DY_018,54238fd6-d2d0-4408-b1a9-d19d24fd29ce,danlab,WARNING,43,False,623,0.4369485495184348,1.9613771186582805e-30,0.1923611496245795,-0.0002093971343129312,-0.3329740527895545,0.18888888888888888,False
risk_lock,DY_018,54238fd6-d2d0-4408-b1a9-d19d24fd29ce,danlab,WARNING,89,False,623,0.43181425431594367,1.0939456643940209e-29,0.19144820498711934,-0.0034764174778514714,-0.33388699742701466,0.18888888888888888,False
risk_lock,ZFM-01577,09b2c4d1-058d-4c84-9fd4-97530f85baf6,mainenlab,PASS,0,True,589,0.6480154127928264,1.939370875770414e-71,0.4057633978549131,0.1142822537931859,0.1736350490212455,1.0,True
risk_lock,ZFM-01577,09b2c4d1-058d-4c84-9fd4-97530f85baf6,mainenlab,PASS,17,False,589,0.4784582753616805,4.993951686838269e-35,0.23212834883366762,6.921107382070375e-05,-0.1736350490212455,0.0,False
risk_lock,ZFM-01577,09b2c4d1-058d-4c84-9fd4-97530f85baf6,mainenlab,PASS,43,False,589,0.47201357270341593,5.162302391779698e-34,0.22960411228219696,-0.003773343404700961,-0.17615928557271615,0.18888888888888888,False
risk_lock,ZFM-01577,09b2c4d1-058d-4c84-9fd4-97530f85baf6,mainenlab,PASS,89,False,589,0.47623289666886714,1.1250247259475e-34,0.23206855634968965,-0.0006502551529431096,-0.17369484150522346,0.02963013211543543,False
risk_lock,MFD_05,7dd27c2f-9544-448d-918d-be0f9837b0e0,churchlandlab_ucla,PASS,0,True,524,0.7336492125083484,1.2276384449145807e-89,0.5053384491784729,0.23197849067300277,0.3304153312598045,1.0,True
risk_lock,MFD_05,7dd27c2f-9544-448d-918d-be0f9837b0e0,churchlandlab_ucla,PASS,17,False,524,0.4074145735589483,2.2643656500065427e-22,0.1686701471531974,-0.0023796522397303934,-0.33666830202527553,0.08823529411764706,False
risk_lock,MFD_05,7dd27c2f-9544-448d-918d-be0f9837b0e0,churchlandlab_ucla,PASS,43,False,524,0.4173277240561763,1.6907313259483114e-23,0.17492311791866844,0.0024374640889135435,-0.3304153312598045,0.0,False
risk_lock,MFD_05,7dd27c2f-9544-448d-918d-be0f9837b0e0,churchlandlab_ucla,PASS,89,False,524,0.41119084928240734,8.513539736432997e-23,0.17040567583491784,-0.0008552376974964027,-0.3349327733435551,0.08823529411764706,False
risk_lock,NR_0024,f4eb56a4-8bf8-4bbc-a8f3-6e6535134bad,steinmetzlab,WARNING,0,True,558,0.6171169461130621,7.24584426536143e-60,0.3537378801875532,0.11744548473435971,0.1816946539497885,0.9705882352941176,True
risk_lock,NR_0024,f4eb56a4-8bf8-4bbc-a8f3-6e6535134bad,steinmetzlab,WARNING,17,False,558,0.38291652886687455,6.2888674076346384e-21,0.15807750492926603,-0.0017834535478411517,-0.19566037525828717,0.0,False
risk_lock,NR_0024,f4eb56a4-8bf8-4bbc-a8f3-6e6535134bad,steinmetzlab,WARNING,43,False,558,0.37920221068081117,1.594163548202592e-20,0.1569891004879554,-0.003672359703458065,-0.1967487796995978,0.0,False
risk_lock,NR_0024,f4eb56a4-8bf8-4bbc-a8f3-6e6535134bad,steinmetzlab,WARNING,89,False,558,0.40431560994969973,2.3350343632379888e-23,0.1720432262377647,0.007511944172206797,-0.1816946539497885,0.0,False
risk_lock,ibl_witten_19,65f5c9b4-4440-48b9-b914-c593a5184a18,wittenlab,PASS,0,True,444,0.7677984948896456,1.705568730914383e-87,0.5430813872519362,0.23553352690628196,0.34581720010462746,1.0,True
risk_lock,ibl_witten_19,65f5c9b4-4440-48b9-b914-c593a5184a18,wittenlab,PASS,17,False,444,0.4426819000345642,9.873273317551464e-23,0.19710607190004992,-0.0013044614441345785,-0.3459753153518863,0.0,False
risk_lock,ibl_witten_19,65f5c9b4-4440-48b9-b914-c593a5184a18,wittenlab,PASS,43,False,444,0.4434222986283526,8.230057536294178e-23,0.19726418714730876,-0.0008888791594237425,-0.34581720010462746,0.0,False
risk_lock,ibl_witten_19,65f5c9b4-4440-48b9-b914-c593a5184a18,wittenlab,PASS,89,False,444,0.438021158782417,3.0739681130790526e-22,0.19455741430807544,-0.003891761794917755,-0.3485239729438608,0.0,False
risk_lock,DY_013,e535fb62-e245-4a48-b119-88ce62a6fe67,danlab,PASS,0,True,431,0.6864681001849742,2.437561428534533e-61,0.45380423803187664,0.1973983123235035,0.2753292196769254,1.0,True
risk_lock,DY_013,e535fb62-e245-4a48-b119-88ce62a6fe67,danlab,PASS,17,False,431,0.399969970357616,5.481031420783413e-18,0.1700828394092358,0.0020658819809884856,-0.28372139862264084,0.0,False
risk_lock,DY_013,e535fb62-e245-4a48-b119-88ce62a6fe67,danlab,PASS,43,False,431,0.40950217418563273,7.400583545386926e-19,0.17847501835495122,0.006384230468760355,-0.2753292196769254,0.0,False
risk_lock,DY_013,e535fb62-e245-4a48-b119-88ce62a6fe67,danlab,PASS,89,False,431,0.3917952929625662,2.90136026200941e-17,0.16714878442004194,-0.002052866805152672,-0.2866554536118347,0.0,False
risk_lock,CSHL047,b52182e7-39f6-4914-9717-136db589706e,churchlandlab,WARNING,0,True,698,0.8051665733611959,4.417315542871956e-160,0.5896168046876739,0.23841301399938475,0.3455651954583338,1.0,True
risk_lock,CSHL047,b52182e7-39f6-4914-9717-136db589706e,churchlandlab,WARNING,17,False,698,0.4939899193547236,3.200616329480746e-44,0.2436078177547355,-0.0008539024630785189,-0.34600898693293836,0.16666666666666666,False
risk_lock,CSHL047,b52182e7-39f6-4914-9717-136db589706e,churchlandlab,WARNING,43,False,698,0.49006207200873964,1.9029376402730743e-43,0.24273381411848055,-0.0035884408620171504,-0.3468829905691933,0.16666666666666666,False
risk_lock,CSHL047,b52182e7-39f6-4914-9717-136db589706e,churchlandlab,WARNING,89,False,698,0.49309594436525117,4.811981499416727e-44,0.24405160922934005,-0.00146659056093712,-0.3455651954583338,0.0,False
risk_lock,PL016,58c4bf97-ec3b-45b4-9db4-d5d9515d5b00,hausserlab,WARNING,0,True,426,0.6799594301369076,4.179768381804209e-59,0.436310903865617,0.18081002431575177,0.2727830019180039,1.0,True
risk_lock,PL016,58c4bf97-ec3b-45b4-9db4-d5d9515d5b00,hausserlab,WARNING,17,False,426,0.4007789186073868,7.223349090520983e-18,0.1611344828952005,-0.0009402696403232694,-0.2751764209704165,0.0,False
risk_lock,PL016,58c4bf97-ec3b-45b4-9db4-d5d9515d5b00,hausserlab,WARNING,43,False,426,0.4038375618306478,3.847529871289199e-18,0.16352790194761307,0.0007606191056472866,-0.2727830019180039,0.0,False
risk_lock,PL016,58c4bf97-ec3b-45b4-9db4-d5d9515d5b00,hausserlab,WARNING,89,False,426,0.40072446208922524,7.304381958255132e-18,0.1616621400515485,-0.0010845477089645634,-0.2746487638140685,0.0,False
risk_lock,UCLA015,0c828385-6dd6-4842-a702-c5075f5f5e81,churchlandlab_ucla,PASS,0,True,609,0.6892185908778532,5.417308291572683e-87,0.44794589209461894,0.1981145945511998,0.2798231681823565,1.0,True
risk_lock,UCLA015,0c828385-6dd6-4842-a702-c5075f5f5e81,churchlandlab_ucla,PASS,17,False,609,0.4044814973289499,2.2465687856065247e-25,0.16616820439062308,6.952947283293358e-06,-0.28177768770399586,0.0,False
risk_lock,UCLA015,0c828385-6dd6-4842-a702-c5075f5f5e81,churchlandlab_ucla,PASS,43,False,609,0.40615689256268694,1.366325971109674e-25,0.16531256733604588,6.521011394352201e-05,-0.28263332475857306,0.0,False
risk_lock,UCLA015,0c828385-6dd6-4842-a702-c5075f5f5e81,churchlandlab_ucla,PASS,89,False,609,0.4090366667063038,5.773829367981506e-26,0.16812272391226246,0.0014932337635279458,-0.2798231681823565,0.0,False
risk_lock,NR_0017,e6043c7d-8f6e-4b66-8309-2ec0abac0f79,steinmetzlab,WARNING,0,True,911,0.6904179903042247,5.8048169371874515e-130,0.46282772909910513,0.16046867990275757,0.2409435940576623,1.0,True
risk_lock,NR_0017,e6043c7d-8f6e-4b66-8309-2ec0abac0f79,steinmetzlab,WARNING,17,False,911,0.46480528792974973,5.118445647846243e-50,0.22188413504144283,0.0011213120266340508,-0.2409435940576623,0.0,False
risk_lock,NR_0017,e6043c7d-8f6e-4b66-8309-2ec0abac0f79,steinmetzlab,WARNING,43,False,911,0.4544329783321163,1.273546463725002e-47,0.2161351791640515,-0.004700931866722713,-0.24669254993505363,0.18888888888888888,False
risk_lock,NR_0017,e6043c7d-8f6e-4b66-8309-2ec0abac0f79,steinmetzlab,WARNING,89,False,911,0.46274385623463776,1.5555792796444397e-49,0.21807483019299806,0.0002725122453971866,-0.24475289890610707,0.06457889242996866,False
risk_lock,CSHL059,37e96d0b-5b4b-4c6e-9b29-7edbdc94bbd0,churchlandlab,WARNING,0,True,629,0.756684177687104,7.935628686343343e-118,0.5335079857210482,0.19673044840096568,0.29506923431723286,1.0,True
risk_lock,CSHL059,37e96d0b-5b4b-4c6e-9b29-7edbdc94bbd0,churchlandlab,WARNING,17,False,629,0.48725826414938783,8.119889222978055e-39,0.2382660783372897,-0.0007523664941803121,-0.2952419073837585,0.0,False
risk_lock,CSHL059,37e96d0b-5b4b-4c6e-9b29-7edbdc94bbd0,churchlandlab,WARNING,43,False,629,0.48710695115560754,8.629857968397661e-39,0.23843875140381532,-0.0003918342875005587,-0.29506923431723286,0.08823529411764706,False
risk_lock,CSHL059,37e96d0b-5b4b-4c6e-9b29-7edbdc94bbd0,churchlandlab,WARNING,89,False,629,0.4874578070003883,7.49280574883745e-39,0.23828142572115552,-0.00012491348442430125,-0.29522655999989267,0.0,False
final,KS084,1b715600-0cbc-442c-bd00-5b0ac2865de1,cortexlab,PASS,0,True,437,0.5020503709517242,2.7893510439117146e-29,0.23733434743489396,0.10959217389504557,0.18426779684719785,0.9680054577240208,True
final,KS084,1b715600-0cbc-442c-bd00-5b0ac2865de1,cortexlab,PASS,17,False,437,0.23108493904018984,1.0441089055561929e-06,0.053066550587696104,0.000803059693708715,-0.18426779684719785,0.0,False
final,KS084,1b715600-0cbc-442c-bd00-5b0ac2865de1,cortexlab,PASS,43,False,437,0.224279682535114,2.1851983224694683e-06,0.05083090769701959,-0.00044318173747925904,-0.18650343973787437,0.0,False
final,KS084,1b715600-0cbc-442c-bd00-5b0ac2865de1,cortexlab,PASS,89,False,437,0.21847549218648907,4.029494670528325e-06,0.049323659633129624,-0.0019248510762864084,-0.18801068780176433,0.0,False
final,UCLA034,8a3a0197-b40a-449f-be55-c00b23253bbf,churchlandlab_ucla,PASS,0,True,387,0.6695092436310371,1.1703571408600003e-51,0.43086211926500595,0.1713364639978517,0.22585844217856166,1.0,True
final,UCLA034,8a3a0197-b40a-449f-be55-c00b23253bbf,churchlandlab_ucla,PASS,17,False,387,0.45165107329290327,7.530145492728038e-21,0.2050036770864443,0.002112281430930748,-0.22585844217856166,0.0,False
final,UCLA034,8a3a0197-b40a-449f-be55-c00b23253bbf,churchlandlab_ucla,PASS,43,False,387,0.4497660749778125,1.1398352230801432e-20,0.20405856977417852,0.0007757893258084995,-0.22680354949082743,0.0,False
final,UCLA034,8a3a0197-b40a-449f-be55-c00b23253bbf,churchlandlab_ucla,PASS,89,False,387,0.44787892855252787,1.7217442155215348e-20,0.2033061262401088,-0.0002207831450448857,-0.22755599302489715,0.18888888888888888,False
final,PL034,6cbeead9-bb7a-40e1-8ccd-47ae60239654,hausserlab,PASS,0,True,499,0.7563277309214296,1.202219186749116e-93,0.5190570868077239,0.26354819780122807,0.37180143388197145,1.0,True
final,PL034,6cbeead9-bb7a-40e1-8ccd-47ae60239654,hausserlab,PASS,17,False,499,0.3734245966333769,5.8681216050271335e-18,0.14235474973063522,-0.00043823824836160724,-0.37670233707708867,0.0,False
final,PL034,6cbeead9-bb7a-40e1-8ccd-47ae60239654,hausserlab,PASS,43,False,499,0.37123858649035013,9.439180623880417e-18,0.14078183500096542,-0.0012489535639486442,-0.3782752518067585,0.0,False
final,PL034,6cbeead9-bb7a-40e1-8ccd-47ae60239654,hausserlab,PASS,89,False,499,0.38084592948862295,1.1373126432613813e-18,0.14725565292575243,0.0032222355073284006,-0.37180143388197145,0.0,False
final,NR_0021,e0928e11-2b86-4387-a203-80c77fab5d52,steinmetzlab,WARNING,0,True,474,0.7219931380244633,1.606514011476065e-77,0.49048988861757503,0.20865609150903328,0.27924253425623136,1.0,True
final,NR_0021,e0928e11-2b86-4387-a203-80c77fab5d52,steinmetzlab,WARNING,17,False,474,0.45536739604873966,1.2160290791079546e-25,0.21103581119363302,0.00041937111224440066,-0.279454077423942,0.0,False
final,NR_0021,e0928e11-2b86-4387-a203-80c77fab5d52,steinmetzlab,WARNING,43,False,474,0.45276329783561964,2.4701431799398083e-25,0.21124735436134368,-0.0007387001111257933,-0.27924253425623136,0.0,False
final,NR_0021,e0928e11-2b86-4387-a203-80c77fab5d52,steinmetzlab,WARNING,89,False,474,0.4533031707400091,2.133693051241052e-25,0.209193689280941,-0.0005984250670477328,-0.281296199336634,0.08823529411764706,False
final,KS016,dd87e278-999d-478b-8cbd-b5bf92b84763,cortexlab,WARNING,0,True,744,0.6813980010357531,1.1520665986432406e-102,0.4399041574738556,0.1817896752039898,0.25929217395665866,1.0,True
final,KS016,dd87e278-999d-478b-8cbd-b5bf92b84763,cortexlab,WARNING,17,False,744,0.4221712705015528,1.625866812573903e-33,0.18061198351719693,0.0007619779464246301,-0.25929217395665866,0.08823529411764706,False
final,KS016,dd87e278-999d-478b-8cbd-b5bf92b84763,cortexlab,WARNING,43,False,744,0.4212697470373511,2.296241353659187e-33,0.1784595887857367,0.00037381004689799696,-0.2614445686881189,0.0,False
final,KS016,dd87e278-999d-478b-8cbd-b5bf92b84763,cortexlab,WARNING,89,False,744,0.42214290397407095,1.643650732681903e-33,0.17972612251558623,0.0009482347227363815,-0.26017803495826936,0.0,False
final,DY_016,aa20388b-9ea3-4506-92f1-3c2be84b85db,danlab,PASS,0,True,518,0.7475217381997132,9.770993170172254e-94,0.5443234474866913,0.22400346873652213,0.4305921550745515,1.0,True
final,DY_016,aa20388b-9ea3-4506-92f1-3c2be84b85db,danlab,PASS,17,False,518,0.3248140132263222,3.420900575097683e-14,0.11209934967944246,0.0009304585513568905,-0.4322240978072488,0.0,False
final,DY_016,aa20388b-9ea3-4506-92f1-3c2be84b85db,danlab,PASS,43,False,518,0.3228286198596822,4.984987678556303e-14,0.11373129241213975,0.0006477034293701315,-0.4305921550745515,0.0,False
final,DY_016,aa20388b-9ea3-4506-92f1-3c2be84b85db,danlab,PASS,89,False,518,0.3131419764000106,3.008572731257944e-13,0.11031878144932272,0.0005494963571535116,-0.43400466603736854,0.0,False
final,SWC_038,1e45d992-c356-40e1-9be1-a506d944896f,mrsicflogellab,WARNING,0,True,610,0.5268148262140532,7.359304311299073e-45,0.2783052121906813,0.08309840373004657,0.1367496037313769,0.9705882352941176,True
final,SWC_038,1e45d992-c356-40e1-9be1-a506d944896f,mrsicflogellab,WARNING,17,False,610,0.37785641349454246,3.8820745182821307e-22,0.14155560845930437,-0.00017786745732920975,-0.1367496037313769,0.0,False
final,SWC_038,1e45d992-c356-40e1-9be1-a506d944896f,mrsicflogellab,WARNING,43,False,610,0.3738780223301906,1.1307571272156242e-21,0.14103535563280262,-0.0018188616231729071,-0.13726985655787866,0.0,False
final,SWC_038,1e45d992-c356-40e1-9be1-a506d944896f,mrsicflogellab,WARNING,89,False,610,0.3710932255277005,2.369014232951205e-21,0.13969772158473692,-0.003153991166431188,-0.13860749060594435,0.0,False
final,UCLA036,e2b845a1-e313-4a08-bc61-a5f662ed295e,churchlandlab_ucla,PASS,0,True,469,0.6022570462254143,1.25257588375063e-47,0.3464190045475731,0.16278747200989574,0.24922945422078696,1.0,True
final,UCLA036,e2b845a1-e313-4a08-bc61-a5f662ed295e,churchlandlab_ucla,PASS,17,False,469,0.28321462382820584,4.22809108750553e-10,0.09447369175519876,-0.0011458574886220596,-0.2519453127923743,0.0,False
final,UCLA036,e2b845a1-e313-4a08-bc61-a5f662ed295e,churchlandlab_ucla,PASS,43,False,469,0.28163670648944406,5.32932866336123e-10,0.09317777062412702,-0.001853821855471079,-0.25324123392344605,0.0,False
final,UCLA036,e2b845a1-e313-4a08-bc61-a5f662ed295e,churchlandlab_ucla,PASS,89,False,469,0.288619228832384,1.8923906100442702e-10,0.09718955032678611,0.0009275735677671815,-0.24922945422078696,0.0,False
final,NR_0027,ae8787b1-4229-4d56-b0c2-566b61a25b77,steinmetzlab,PASS,0,True,885,0.7461099165286801,3.81363868552872e-158,0.5288959568777905,0.18545890262339756,0.27447903810114854,1.0,True
final,NR_0027,ae8787b1-4229-4d56-b0c2-566b61a25b77,steinmetzlab,PASS,17,False,885,0.5013028883739749,1.7100960457862368e-57,0.2516928715008822,-0.0007546151943836529,-0.27720308537690824,0.17675286482914682,False
final,NR_0027,ae8787b1-4229-4d56-b0c2-566b61a25b77,steinmetzlab,PASS,43,False,885,0.5047611387085085,2.1724768374136236e-58,0.2544169187766419,0.0023691541966410026,-0.27447903810114854,0.0,False
final,NR_0027,ae8787b1-4229-4d56-b0c2-566b61a25b77,steinmetzlab,PASS,89,False,885,0.5022928785927329,9.496289845675731e-58,0.25239975447492535,0.001496159473401315,-0.2764962024028651,0.0,False
final,KS044,781b35fd-e1f0-4d14-b2bb-95b7263082bb,cortexlab,PASS,0,True,471,0.6468923352401876,3.5175058509484574e-57,0.421655784190656,0.12299298553590725,0.18741258976421993,1.0,True
final,KS044,781b35fd-e1f0-4d14-b2bb-95b7263082bb,cortexlab,PASS,17,False,471,0.4822550386758794,8.345578940588745e-29,0.2342431944264361,-0.00015419322602668503,-0.18741258976421993,0.18888888888888888,False
final,KS044,781b35fd-e1f0-4d14-b2bb-95b7263082bb,cortexlab,PASS,43,False,471,0.4792914974546087,2.0023520960291748e-28,0.23318153170027006,-0.0020307498860646644,-0.18847425249038596,0.18888888888888888,False
final,KS044,781b35fd-e1f0-4d14-b2bb-95b7263082bb,cortexlab,PASS,89,False,471,0.480438771360165,1.4283634208665811e-28,0.2327336195887864,-0.0015015100496696965,-0.1889221646018696,0.0,False
final,SWC_039,768a371d-7e88-47f8-bf21-4a6a6570dd6e,mrsicflogellab,WARNING,0,True,402,0.6662167887771755,6.529480335944099e-53,0.4395516168371761,0.1046902316688672,0.16055922733866418,0.9705882352941176,True
final,SWC_039,768a371d-7e88-47f8-bf21-4a6a6570dd6e,mrsicflogellab,WARNING,17,False,402,0.5152290622236021,1.2265123459934193e-28,0.27649314349001347,-0.0038282814154395237,-0.1630584733471626,0.0,False
final,SWC_039,768a371d-7e88-47f8-bf21-4a6a6570dd6e,mrsicflogellab,WARNING,43,False,402,0.5195816589562237,3.5549636138570576e-29,0.2789923894985119,6.282482856861948e-05,-0.16055922733866418,0.0,False
final,SWC_039,768a371d-7e88-47f8-bf21-4a6a6570dd6e,mrsicflogellab,WARNING,89,False,402,0.5162773499797243,9.116873107346172e-29,0.27807811983864417,-0.003784511749927777,-0.16147349699853192,0.0,False
final,UCLA049,8a1cf4ef-06e3-4c72-9bc7-e1baa189841b,churchlandlab_ucla,PASS,0,True,405,0.5818845834846377,4.5395462894938016e-38,0.3254196349958953,0.13415209113556736,0.2779946192461866,0.9642857142857143,True
final,UCLA049,8a1cf4ef-06e3-4c72-9bc7-e1baa189841b,churchlandlab_ucla,PASS,17,False,405,0.20142273069163058,4.446805849280348e-05,0.04302199542228033,0.0004504910602720254,-0.28239763957361497,0.0,False
final,UCLA049,8a1cf4ef-06e3-4c72-9bc7-e1baa189841b,churchlandlab_ucla,PASS,43,False,405,0.20349130786270797,3.6949092621443204e-05,0.04742501574970873,0.002698542927403754,-0.2779946192461866,0.0,False
final,UCLA049,8a1cf4ef-06e3-4c72-9bc7-e1baa189841b,churchlandlab_ucla,PASS,89,False,405,0.19966526023077144,5.197035561846824e-05,0.043222899926606745,8.203657224932955e-05,-0.28219673506928855,0.0,False
final,ibl_witten_17,b10ed1ba-2099-42c4-bee3-d053eb594f09,wittenlab,PASS,0,True,895,0.7707632664600839,5.125147151123543e-177,0.5588768861525011,0.2280167379534295,0.3260710365779282,1.0,True
final,ibl_witten_17,b10ed1ba-2099-42c4-bee3-d053eb594f09,wittenlab,PASS,17,False,895,0.47841758470339696,2.2083756200980377e-52,0.2289270034799884,-0.0017756656692662724,-0.3299498826725127,0.18888888888888888,False
final,ibl_witten_17,b10ed1ba-2099-42c4-bee3-d053eb594f09,wittenlab,PASS,43,False,895,0.48201578849341464,2.950249247892541e-53,0.2328058495745729,0.0007485018880493133,-0.3260710365779282,0.0,False
final,ibl_witten_17,b10ed1ba-2099-42c4-bee3-d053eb594f09,wittenlab,PASS,89,False,895,0.4814152355068064,4.135168281757392e-53,0.2305862191853934,6.632297967901213e-05,-0.3282906669671077,0.0,False
final,KS022,15f742e1-1043-45c9-9504-f1e8a53c1744,cortexlab,PASS,0,True,826,0.762828777719378,3.350854072485547e-158,0.5647238403429389,0.1710859310869435,0.23861942893827143,1.0,True
final,KS022,15f742e1-1043-45c9-9504-f1e8a53c1744,cortexlab,PASS,17,False,826,0.5706745850162362,1.5204562680783162e-72,0.3261028940427071,-0.00021989484513029733,-0.23862094630023178,0.0,False
final,KS022,15f742e1-1043-45c9-9504-f1e8a53c1744,cortexlab,PASS,43,False,826,0.5698029635187907,2.793877946046841e-72,0.32496710431094133,-0.001086591942031016,-0.23975673603199754,0.18888888888888888,False
final,KS022,15f742e1-1043-45c9-9504-f1e8a53c1744,cortexlab,PASS,89,False,826,0.5714904219520609,8.588838469342417e-73,0.32610441140466745,-0.00010358438182530201,-0.23861942893827143,0.18888888888888888,False
final,SWC_058,3638d102-e8b6-4230-8742-e548cd87a949,mrsicflogellab,PASS,0,True,694,0.5832330966232968,1.7388381550339198e-64,0.3364917908462775,0.11394135833003788,0.17933227261913137,0.9705882352941176,True
final,SWC_058,3638d102-e8b6-4230-8742-e548cd87a949,mrsicflogellab,PASS,17,False,694,0.39251045478368013,5.536106369340357e-27,0.15645276228721183,-0.0007851450687971958,-0.18003902855906567,0.0,False
final,SWC_058,3638d102-e8b6-4230-8742-e548cd87a949,mrsicflogellab,PASS,43,False,694,0.39456262902102934,2.8430962849610247e-27,0.15715951822714613,-0.00029985568388287326,-0.17933227261913137,0.0,False
final,SWC_058,3638d102-e8b6-4230-8742-e548cd87a949,mrsicflogellab,PASS,89,False,694,0.3789747595959684,3.9971633651978234e-25,0.15280538502266983,-0.006101499098750129,-0.18368640582360768,0.0,False
final,UCLA014,03d9a098-07bf-4765-88b7-85f8d8f620cc,churchlandlab_ucla,PASS,0,True,568,0.6514796063434718,6.593373788247969e-70,0.4198001989022691,0.11415899993494778,0.16493413870458884,1.0,True
final,UCLA014,03d9a098-07bf-4765-88b7-85f8d8f620cc,churchlandlab_ucla,PASS,17,False,568,0.5019638217217002,1.386402726722766e-37,0.25006998266031966,0.00041053427487584376,-0.16973021624194945,0.08823529411764706,False
final,UCLA014,03d9a098-07bf-4765-88b7-85f8d8f620cc,churchlandlab_ucla,PASS,43,False,568,0.5000091418346326,2.917005134748067e-37,0.25486606019768027,0.0012714320377735417,-0.16493413870458884,0.08823529411764706,False
final,UCLA014,03d9a098-07bf-4765-88b7-85f8d8f620cc,churchlandlab_ucla,PASS,89,False,568,0.5008053905299383,2.1557283022426885e-37,0.24978186360955534,-9.038045340422259e-05,-0.17001833529271376,0.18888888888888888,False
final,KS055,b22f694e-4a34-4142-ab9d-2556c3487086,cortexlab,WARNING,0,True,479,0.6863832802359984,5.561095403977572e-68,0.45981808291494014,0.14933090869087373,0.23860428387264104,1.0,True
final,KS055,b22f694e-4a34-4142-ab9d-2556c3487086,cortexlab,WARNING,17,False,479,0.45852528124655567,2.815950293404537e-26,0.21307978553583673,-0.0036157063797622735,-0.2467382973791034,0.08823529411764706,False
final,KS055,b22f694e-4a34-4142-ab9d-2556c3487086,cortexlab,WARNING,43,False,479,0.47047298642151497,9.388767925246737e-28,0.2212137990422991,0.001151360444280584,-0.23860428387264104,0.0,False
final,KS055,b22f694e-4a34-4142-ab9d-2556c3487086,cortexlab,WARNING,89,False,479,0.463434726307383,7.075171996062476e-27,0.2170798394404353,9.883695094052107e-05,-0.24273824347450484,0.0,False
final,ZFM-01937,113c5b6c-940e-4b21-b462-789b4c2be0e5,mainenlab,WARNING,0,True,433,0.642918450965444,7.269556236864827e-52,0.38901432552300275,0.1622624620494404,0.2588213268283919,0.9705882352941176,True
final,ZFM-01937,113c5b6c-940e-4b21-b462-789b4c2be0e5,mainenlab,WARNING,17,False,433,0.34524149858343034,1.4492649252785273e-13,0.12444020788399152,-0.005263726197436462,-0.26457411763901123,0.08823529411764706,False
final,ZFM-01937,113c5b6c-940e-4b21-b462-789b4c2be0e5,mainenlab,WARNING,43,False,433,0.3580087698065121,1.5381769581142047e-14,0.13019299869461087,-0.0004937436432306633,-0.2588213268283919,0.08823529411764706,False
final,ZFM-01937,113c5b6c-940e-4b21-b462-789b4c2be0e5,mainenlab,WARNING,89,False,433,0.3505683199327985,5.75535291077553e-14,0.1286526471984995,-0.004112227646269802,-0.26036167832450324,0.08823529411764706,False
final,NR_0029,e6594a5b-552c-421a-b376-1a1baa9dc4fd,steinmetzlab,PASS,0,True,392,0.6470027299436872,7.319858734321741e-48,0.4037364137570516,0.18705362630383937,0.2741640677529745,0.9705882352941176,True
final,NR_0029,e6594a5b-552c-421a-b376-1a1baa9dc4fd,steinmetzlab,PASS,17,False,392,0.3362148914674264,8.174441714123065e-12,0.125613439288996,-0.005396648686543511,-0.2781229744680556,0.0,False
final,NR_0029,e6594a5b-552c-421a-b376-1a1baa9dc4fd,steinmetzlab,PASS,43,False,392,0.3458246185547478,1.873211836973222e-12,0.12957234600407708,-0.0011159604071697693,-0.2741640677529745,0.0,False
final,NR_0029,e6594a5b-552c-421a-b376-1a1baa9dc4fd,steinmetzlab,PASS,89,False,392,0.33985609794001836,4.705417378063798e-12,0.12943733105569932,-0.003837560540076409,-0.2742990827013523,0.0,False
final,ZM_3003,fe1fd79f-b051-411f-a0a9-2530a02cc78d,mainenlab,WARNING,0,True,548,0.6215404916507474,7.047193411527435e-60,0.38708263665953796,0.13815471918607827,0.24376173526255046,1.0,True
final,ZM_3003,fe1fd79f-b051-411f-a0a9-2530a02cc78d,mainenlab,WARNING,17,False,548,0.3555635568686776,8.949676008389223e-18,0.13359502871719064,-0.002407099025968288,-0.2534876079423473,0.0,False
final,ZM_3003,fe1fd79f-b051-411f-a0a9-2530a02cc78d,mainenlab,WARNING,43,False,548,0.36815254319824375,4.943876786743798e-19,0.1433209013969875,0.0026447044564324638,-0.24376173526255046,0.0,False
final,ZM_3003,fe1fd79f-b051-411f-a0a9-2530a02cc78d,mainenlab,WARNING,89,False,548,0.35910312514824577,4.0160761705949116e-18,0.13628507313489746,-0.002531819465936095,-0.2507975635246405,0.0,False
final,ibl_witten_18,4ef13091-1bc8-4f32-9619-107bdf48540c,wittenlab,WARNING,0,True,860,0.7034467819027546,2.2872534148893464e-129,0.47337994206452005,0.18915574479704703,0.286904925834488,1.0,True
final,ibl_witten_18,4ef13091-1bc8-4f32-9619-107bdf48540c,wittenlab,WARNING,17,False,860,0.4259507287478412,3.1878214014105705e-39,0.18564370039472677,-0.0006435566752248286,-0.2877362416697933,0.0,False
final,ibl_witten_18,4ef13091-1bc8-4f32-9619-107bdf48540c,wittenlab,WARNING,43,False,860,0.4249859395392527,4.911717122715707e-39,0.18647501623003204,-0.0009873904422985265,-0.286904925834488,0.0,False
final,ibl_witten_18,4ef13091-1bc8-4f32-9619-107bdf48540c,wittenlab,WARNING,89,False,860,0.42707159042889054,1.9258343610829807e-39,0.18636863660683356,-0.00019254758463704835,-0.2870113054576865,0.0,False
final,UCLA035,f99ac31f-171b-4208-a55d-5644c0ad51c3,churchlandlab_ucla,PASS,0,True,748,0.6370871501998276,2.0674580498773514e-86,0.384378429477611,0.13722624253192495,0.2202399713246681,0.9705882352941176,True
final,UCLA035,f99ac31f-171b-4208-a55d-5644c0ad51c3,churchlandlab_ucla,PASS,17,False,748,0.40575042345077367,5.181172487270328e-31,0.16413845815294292,-3.624555071253995e-05,-0.2202399713246681,0.0,False
final,UCLA035,f99ac31f-171b-4208-a55d-5644c0ad51c3,churchlandlab_ucla,PASS,43,False,748,0.4056138103695956,5.445840497107188e-31,0.1640649968991738,-2.9132920306707e-05,-0.22031343257843722,0.0,False
final,UCLA035,f99ac31f-171b-4208-a55d-5644c0ad51c3,churchlandlab_ucla,PASS,89,False,748,0.4018770530615863,2.1086958822189984e-30,0.16356801259441262,-0.0019322053031856818,-0.2208104168831984,0.0,False
final,NYU-30,77e6dc6a-66ed-433c-b1a2-778c914f523c,angelakilab,PASS,0,True,784,0.7847169333944013,1.3508684984394502e-164,0.5783171039106278,0.19939917108306304,0.2905240057562831,1.0,True
final,NYU-30,77e6dc6a-66ed-433c-b1a2-778c914f523c,angelakilab,PASS,17,False,784,0.5366041590570575,1.1408057860936332e-59,0.28779309815434473,-0.0015746715867958245,-0.2905240057562831,0.16666666666666666,False
final,NYU-30,77e6dc6a-66ed-433c-b1a2-778c914f523c,angelakilab,PASS,43,False,784,0.535793759355015,1.8407280495305731e-59,0.2865505712232748,-0.0017205326265040861,-0.29176653268735303,0.16666666666666666,False
final,NYU-30,77e6dc6a-66ed-433c-b1a2-778c914f523c,angelakilab,PASS,89,False,784,0.5349093502405122,3.09812830074622e-59,0.28539971300466804,-0.0015330741262994756,-0.2929173909059598,0.16666666666666666,False
final,ZFM-01592,746d1902-fa59-4cab-b0aa-013be36060d5,mainenlab,WARNING,0,True,650,0.6589710145092588,3.375996944618744e-82,0.41416656987279726,0.13213389985472743,0.21585502802528428,1.0,True
final,ZFM-01592,746d1902-fa59-4cab-b0aa-013be36060d5,mainenlab,WARNING,17,False,650,0.4457295611449581,4.767637430885865e-33,0.19756124973493105,-0.0006158104756300853,-0.2166053201378662,0.16666666666666666,False
final,ZFM-01592,746d1902-fa59-4cab-b0aa-013be36060d5,mainenlab,WARNING,43,False,650,0.4474090601395526,2.58848375203641e-33,0.19831154184751298,0.000163654408409634,-0.21585502802528428,0.0,False
final,ZFM-01592,746d1902-fa59-4cab-b0aa-013be36060d5,mainenlab,WARNING,89,False,650,0.4435847195735792,1.034931331052398e-32,0.19708612895939998,-0.0023924508513174145,-0.2170804409133973,0.0,False
final,NYU-12,a8a8af78-16de-4841-ab07-fde4b5281a03,angelakilab,WARNING,0,True,539,0.7631483629228935,6.745828264864576e-104,0.5364795539083366,0.26582446360511885,0.3579249206937397,1.0,True
final,NYU-12,a8a8af78-16de-4841-ab07-fde4b5281a03,angelakilab,WARNING,17,False,539,0.4195763004388666,2.1401188463181456e-24,0.17644547605170646,-0.0007570899238014128,-0.3600340778566301,0.0,False
final,NYU-12,a8a8af78-16de-4841-ab07-fde4b5281a03,angelakilab,WARNING,43,False,539,0.42450670272282676,5.432560829398443e-25,0.17855463321459686,0.0012546455648508499,-0.3579249206937397,0.0,False
final,NYU-12,a8a8af78-16de-4841-ab07-fde4b5281a03,angelakilab,WARNING,89,False,539,0.4214448294482178,1.2762516245418253e-24,0.17657210251772332,0.0001499699422684575,-0.35990745139061325,0.0,False
final,PL050,37bbc17f-8dec-4fa8-97fd-e23a5c6bad1f,hausserlab,PASS,0,True,759,0.8550837995833427,3.876040644073658e-218,0.6744025404332007,0.3008545859792651,0.3895076787825692,1.0,True
final,PL050,37bbc17f-8dec-4fa8-97fd-e23a5c6bad1f,hausserlab,PASS,17,False,759,0.5208536630553722,5.26385721273714e-54,0.27913697351894007,-0.006442720769690713,-0.3952655669142606,0.18888888888888888,False
final,PL050,37bbc17f-8dec-4fa8-97fd-e23a5c6bad1f,hausserlab,PASS,43,False,759,0.524382516762542,7.660365125462783e-55,0.2809043247401568,-0.0029612157067543388,-0.3934982156930439,0.18888888888888888,False
final,PL050,37bbc17f-8dec-4fa8-97fd-e23a5c6bad1f,hausserlab,PASS,89,False,759,0.5309377685362637,2.0087155473945358e-56,0.2848948616506315,0.0005699870505276686,-0.3895076787825692,0.08823529411764706,False
final,ZM_1898,53738f95-bd08-4d9d-9133-483fdb19e8da,mainenlab,PASS,0,True,596,0.6849928918615447,9.530821623197883e-84,0.4589693180963248,0.13305778314004532,0.19677090797961833,1.0,True
final,ZM_1898,53738f95-bd08-4d9d-9133-483fdb19e8da,mainenlab,PASS,17,False,596,0.5108872612221144,6.178551379891623e-41,0.2615067539528367,-0.00024311862726781688,-0.19746256414348812,0.08823529411764706,False
final,ZM_1898,53738f95-bd08-4d9d-9133-483fdb19e8da,mainenlab,PASS,43,False,596,0.5102673475533738,7.977189231308857e-41,0.26219841011670647,-0.00046752155158528524,-0.19677090797961833,0.0,False
final,ZM_1898,53738f95-bd08-4d9d-9133-483fdb19e8da,mainenlab,PASS,89,False,596,0.5030632160363462,1.4955434707959157e-39,0.26159515954772133,-0.00524791301514882,-0.19737415854860346,0.08823529411764706,False
final,CSHL052,3663d82b-f197-4e8b-b299-7b803a155b84,churchlandlab,WARNING,0,True,893,0.6732043904117464,6.299094298540097e-119,0.44343937570099023,0.09464824257231079,0.15193746601440605,1.0,True
final,CSHL052,3663d82b-f197-4e8b-b299-7b803a155b84,churchlandlab,WARNING,17,False,893,0.5424530926946407,1.835945197451024e-69,0.2915019096865842,0.0005301400918427864,-0.15193746601440605,0.0,False
final,CSHL052,3663d82b-f197-4e8b-b299-7b803a155b84,churchlandlab,WARNING,43,False,893,0.5409139769055795,5.268250723661818e-69,0.29063444141630945,-0.00020919149235433995,-0.15280493428468078,0.18888888888888888,False
final,CSHL052,3663d82b-f197-4e8b-b299-7b803a155b84,churchlandlab,WARNING,89,False,893,0.5411479813628517,4.4896766156217477e-69,0.29050023620104237,-0.00015580443345497574,-0.15293913949994786,0.18888888888888888,False
final,NR_0019,9b528ad0-4599-4a55-9148-96cc1d93fb24,steinmetzlab,WARNING,0,True,581,0.7514898794763389,1.1548792339445622e-106,0.5122280674918449,0.18820091928308066,0.28697943547359567,1.0,True
final,NR_0019,9b528ad0-4599-4a55-9148-96cc1d93fb24,steinmetzlab,WARNING,17,False,581,0.4699609899364728,2.9369942971768314e-33,0.22442006036549556,-0.0008507103815845,-0.28780800712634935,0.0,False
final,NR_0019,9b528ad0-4599-4a55-9148-96cc1d93fb24,steinmetzlab,WARNING,43,False,581,0.469012292217896,4.096686936410506e-33,0.22302413994063414,-0.0014243730537186379,-0.28920392755121077,0.16666666666666666,False
final,NR_0019,9b528ad0-4599-4a55-9148-96cc1d93fb24,steinmetzlab,WARNING,89,False,581,0.47165816955810774,1.6151525806943477e-33,0.22524863201824924,4.394385576892793e-05,-0.28697943547359567,0.0,False
final,CSHL060,2e6e179c-fccc-4e8f-9448-ce5b6858a183,churchlandlab,WARNING,0,True,540,0.8170029025581336,9.724695898469106e-131,0.6160474529815705,0.2951413009201908,0.37443409859635235,1.0,True
final,CSHL060,2e6e179c-fccc-4e8f-9448-ce5b6858a183,churchlandlab,WARNING,17,False,540,0.48268501499160166,7.283482575631874e-33,0.23954752242067862,0.0005652285140160437,-0.37649993056089187,0.08823529411764706,False
final,CSHL060,2e6e179c-fccc-4e8f-9448-ce5b6858a183,churchlandlab,WARNING,43,False,540,0.4860956559403763,2.264534708510154e-33,0.24161335438521814,0.002352937980453218,-0.37443409859635235,0.08823529411764706,False
final,CSHL060,2e6e179c-fccc-4e8f-9448-ce5b6858a183,churchlandlab,WARNING,89,False,540,0.47662302722437994,5.625230097986098e-32,0.23586570165113485,-0.0027906053371131723,-0.38018175133043564,0.18888888888888888,False
final,SWC_042,f9860a11-24d3-452e-ab95-39e199f20a93,hoferlab,PASS,0,True,453,0.6498424252547246,1.0597478598066134e-55,0.41842741844434184,0.14753416710330278,0.2244869100792098,1.0,True
final,SWC_042,f9860a11-24d3-452e-ab95-39e199f20a93,hoferlab,PASS,17,False,453,0.43190989887686887,5.190449221749209e-22,0.19000876246274095,-6.38172931479164e-05,-0.22841865598160088,0.08823529411764706,False
final,SWC_042,f9860a11-24d3-452e-ab95-39e199f20a93,hoferlab,PASS,43,False,453,0.4130641254021941,4.292855506975162e-20,0.18229201042581938,-0.008212064746581982,-0.23613540801852245,0.18888888888888888,False
final,SWC_042,f9860a11-24d3-452e-ab95-39e199f20a93,hoferlab,PASS,89,False,453,0.4321744493349049,4.868781221186158e-22,0.19394050836513205,0.0031553681839830983,-0.2244869100792098,0.08823529411764706,False
final,KS094,3f859b5c-e73a-4044-b49e-34bb81e96715,cortexlab,PASS,0,True,490,0.6952124107627173,5.501357182661523e-72,0.47177317609541636,0.20112167914745735,0.2813064448632564,1.0,True
final,KS094,3f859b5c-e73a-4044-b49e-34bb81e96715,cortexlab,PASS,17,False,490,0.42734078180549717,3.5833707270342574e-23,0.1888800953388774,-0.004425594219636249,-0.28289308075653896,0.18888888888888888,False
final,KS094,3f859b5c-e73a-4044-b49e-34bb81e96715,cortexlab,PASS,43,False,490,0.42712307654625936,3.789849671534787e-23,0.18749378841823106,-0.0029689034717139315,-0.2842793876771853,0.16666666666666666,False
final,KS094,3f859b5c-e73a-4044-b49e-34bb81e96715,cortexlab,PASS,89,False,490,0.4314433564552149,1.2373149072208435e-23,0.19046673123215996,-0.0012800438384268364,-0.2813064448632564,0.18888888888888888,False
final,KS051,7082d8ff-255a-47d7-a839-bf093483ec30,cortexlab,PASS,0,True,404,0.5834941873562589,3.149255053743334e-38,0.3257438136741707,0.12342711967637789,0.1977830297969027,0.9705882352941176,True
final,KS051,7082d8ff-255a-47d7-a839-bf093483ec30,cortexlab,PASS,17,False,404,0.3453814574747799,9.230707799672604e-13,0.127960783877268,0.0016735751915074593,-0.1977830297969027,0.0,False
final,KS051,7082d8ff-255a-47d7-a839-bf093483ec30,cortexlab,PASS,43,False,404,0.32141681914913034,3.671449768058515e-11,0.11807197508851192,-0.00637633462422682,-0.2076718385856588,0.0,False
final,KS051,7082d8ff-255a-47d7-a839-bf093483ec30,cortexlab,PASS,89,False,404,0.3319458908987636,7.570865798102905e-12,0.11949181716170193,-0.0014913797745334338,-0.20625199651246878,0.0,False
final,NR_0031,caa5dddc-9290-4e27-9f5e-575ba3598614,steinmetzlab,WARNING,0,True,404,0.7404213639156634,2.3377082620606333e-71,0.499634490891884,0.2273037175278052,0.29701638520125595,1.0,True
final,NR_0031,caa5dddc-9290-4e27-9f5e-575ba3598614,steinmetzlab,WARNING,17,False,404,0.4535833720675946,6.78544777964725e-22,0.20261810569062805,0.004182611637998934,-0.29701638520125595,0.0,False
final,NR_0031,caa5dddc-9290-4e27-9f5e-575ba3598614,steinmetzlab,WARNING,43,False,404,0.4448796859619967,4.954974294042798e-21,0.19648467127731561,-0.0005045453204181408,-0.3031498196145684,0.0,False
final,NR_0031,caa5dddc-9290-4e27-9f5e-575ba3598614,steinmetzlab,WARNING,89,False,404,0.42133995933588086,8.118799586372944e-19,0.18516805311707207,-0.015091937375240616,-0.3144664377748119,0.0,False
final,SWC_065,1425bd6f-c625-4f6a-b237-dc5bcfc42c87,mrsicflogellab,PASS,0,True,839,0.6141639787714475,3.863352448699027e-88,0.37177786963702597,0.0784811509236847,0.1251120949756067,0.9705882352941176,True
final,SWC_065,1425bd6f-c625-4f6a-b237-dc5bcfc42c87,mrsicflogellab,PASS,17,False,839,0.49747698369531934,1.159066338523648e-53,0.24648393874470448,0.00014042222857006217,-0.1252939308923215,0.0,False
final,SWC_065,1425bd6f-c625-4f6a-b237-dc5bcfc42c87,mrsicflogellab,PASS,43,False,839,0.49528918809231104,3.8889778562597686e-53,0.24666577466141926,-0.001047659174026272,-0.1251120949756067,0.0,False
final,SWC_065,1425bd6f-c625-4f6a-b237-dc5bcfc42c87,mrsicflogellab,PASS,89,False,839,0.4957278824544689,3.0529692095162626e-53,0.24630653105247113,-0.0009970361392790024,-0.12547133858455484,0.08823529411764706,False
